ROUTE,PAGE PURPOSE,PRIMARY AUDIENCE,PRIMARY HUMAN QUESTION,H1,H2 RHYTHM,VISIBLE EVIDENCE,PRESS,EXTERNAL LINKS,CONTENT TO KEEP,CONTENT TO SIMPLIFY,CONTENT TO MOVE,CONTENT TO ADD,SEO RISK,SCHEMA RISK,DESIGN ISSUE,FIX,STATUS
/,home,curator / reader,"Who is the artist, what is the work, and where should I start?",BANHALMI,When does the role fall away — and the person remain? | My favourites from the archive | In pursuit of presence | How it took shape | Books | Exhibitions | Get in touch | Verifiable sources for the oeuvre,"Services https://www.norbertbanhalmi.com/#services | Instagram · @norbert.banhalmi https://www.instagram.com/norbert.banhalmi/ | Print, publication or exhibition use → https://www.norbertbanhalmi.com/contact/ | Turul Award https://www.fotozasturul.eu/profile-64-banhalmi-norbert-executive-portre-es-muveszeti-fotografia | TOP100 of Hungary https://www.top100ofhungary.eu/company/197578/banhalmi-norbert-executive-portre-es-muveszeti-fotografia | Verified biography — Wikipedia https://hu.wikipedia.org/wiki/B%C3%A1nhalmi_Norbert | Media files — Wikimedia Commons https://commons.wikimedia.org/wiki/Special:MediaSearch?type=image&search=Norbert%20Banhalmi | Lágymányosi u. 15. https://www.google.com/maps/search/?api=1&query=L%C3%A1gym%C3%A1nyosi%20u.%2015%2C%201111%20Budapest%2C%20Hungary | Open in Google Maps → https://www.google.com/maps/search/?api=1&query=L%C3%A1gym%C3%A1nyosi%20u.%2015%2C%201111%20Budapest%2C%20Hungary | Schwedenplatz 2. https://www.google.com/maps/search/?api=1&query=Schwedenplatz%202%2C%201010%20Vienna%2C%20Austria | Open in Google Maps → https://www.google.com/maps/search/?api=1&query=Schwedenplatz%202%2C%201010%20Vienna%2C%20Austria | Explore professional services → https://www.norbertbanhalmi.com/#services | Wikipedia  Independent biographical overview https://hu.wikipedia.org/wiki/B%C3%A1nhalmi_Norbert | Wikidata  Central machine-readable entity identifier https://www.wikidata.org/wiki/Q56391118 | Wikimedia Commons  Referenced visual documentation https://commons.wikimedia.org/wiki/Special:MediaSearch?type=image&search=Norbert%20Banhalmi | YouTube  Moving-image archive, interviews and reports https://www.youtube.com/@norbert.banhalmi/playlists",https://www.youtube.com/@norbert.banhalmi/playlists,16,"Selected photographs, artistic position, dated exhibitions, books, curatorial entry, discreet Professional bridge",Heading hierarchy and external-source presentation,None without record-specific evidence,Named project press links when supported by the existing source registry,"Preserve canonical, hreflang, metadata and record identity",Do not invent events or source relationships,Competing source/artifact geometry; oversized shared heading caps,Committed geometry; bounded shared type; consistent external indicators,Source and translation audit completed; 12-width rendered QA pending
/press.html,press,curator / reader,What has been independently published about the work?,"Articles, interviews and television conversations","Start with a period or browse the complete record | Recognising the moment | The body as memory | Presence between art and institution | Community, responsibility and public presence | The voice behind the photographs | A verifiable source network for the oeuvre","Mindennap Könyv · The World of Woman · 2018 https://mindennapkonyv.hu/mindennapi/olvastuk/a-noi-let-kilenc-fordulopontja-banhalmi-norbert-a-no-vilaga | BitcoinBázis · The Men’s Dream · 2022 https://www.bitcoinbazis.hu/a-magyar-fotomuvesz-aki-az-aktfotokat-az-nft-k-vilagaba-invitalta/ | Rólunk.at · Vienna, community and artistic practice · 2025 https://rolunk.at/magazin/a-lehetetlen-csupan-egy-szo/ | Hungarian Women in New York https://tinkmara.com/2014/12/14/magyar-nok-new-yorkban/ | Fifty Shades of Woman https://nlc.hu/foto/20150306/a-no-otven-arnyalata-foto/ | I Became a Father https://web.archive.org/web/20180424135310/http://csalad.hu/2016/06/07/apanak-lenni-jo-meselnek-a-fotok | Milestones ’56 in New York https://www.magyarforradalom1956.hu/v/merfoldkovek--56-os-portrekepekbol-rendeztek-kiallitast-new-yorkban/ | ’56 in the New Canaan—portrait of László Papp https://mandiner.hu/kultura/2016/10/papp-laszlo-1956-interju-epiteszet-forradalom | The man who looks at your appearance but sees your soul https://she.life.hu/nofilter/2017/03/banhalmi-norbert-profi-fotos-interju-modell-belso-szepseg-szepnek-latni-magad | My first and last nude session https://she.life.hu/nofilter/20170413-aktfotozas-elmeny-onbizalom-mellrak-tulelo-melleltavolito-mutet.html | Permanent exhibition at the Oncology Centre https://www.veol.hu/vezeto-hirek/2018/03/csolnoky-ferenc-korhaz-onkologiai-centrum-rak-kiallitas | The Artist Behind the Business I—New York https://zarido.hu/muvesz-az-uzlet-mogott-1-resz/ | The Artist Behind the Business II—The female soul https://zarido.hu/muvesz-az-uzlet-mogott-2-resz/ | The Artist Behind the Business III—The ambassador https://zarido.hu/muvesz-az-uzlet-mogott-3-resz-a-nagykovet/ | Reveal Your Artistic Side https://sms-bridges.com/reveal-your-artistic-side/ | Art to Go https://zarido.hu/a-nagy-mentoakcio-muveszet-elvitelre/ | Fine-art nudes in the NFT world https://www.bitcoinbazis.hu/a-magyar-fotomuvesz-aki-az-aktfotokat-az-nft-k-vilagaba-invitalta/ | A photo club in Vienna https://volksgruppen.orf.at/magyarok/stories/3300070/ | One year of the BMI Photo Club https://rolunk.at/kultura/egyeves-a-bmi-fotoklub-hogyan-teremt-kozosseget-a-muveszet | The impossible is only a word https://rolunk.at/magazin/a-lehetetlen-csupan-egy-szo/ | I would like to make people’s lives more beautiful https://www.kiskegyed.hu/kepernyo/sulyos-baleset-vilaghiru-magyar-fotomuvesz/1dl719d | When photography creates community https://www.stihon.eu/2026/01/29/itt-a-3-lapszam/ | Portrait of Péter Magyar—EUFÓRIA https://commons.wikimedia.org/wiki/File:Peter-Magyar-portrait-2026.jpg | Awakening—The New Beginning! exhibition interview https://youtu.be/XI5WavAwFOY | Digital photography exhibition in Tihany https://www.youtube.com/watch?v=cv4ylqkvNo4 | Portrait photography and the psychology behind it https://www.youtube.com/watch?v=Fv3J_l8Mp_I | I Became a Father https://www.youtube.com/watch?v=dDfbT7JlDi4 | The World of Woman https://www.youtube.com/watch?v=cuPzuMSXxMc | Fifty Shades of Woman — exhibition film https://www.youtube.com/watch?v=AfK29ELPWBY | Awakening — The New Beginning! — exhibition interview https://www.youtube.com/watch?v=rkSlrX6kEyg | Milestones ’56 — portraits and life stories https://www.youtube.com/watch?v=Q9vXitVpo7Y | Person of the Week — conversation with Andor Schmuck https://www.youtube.com/watch?v=zCHkRlv-ZB0 | Retouched cover photographs and impossible ideals https://www.youtube.com/watch?v=nyKyRWrtn7Q | The fourth Budapest photography contest — report https://www.youtube.com/watch?v=ch66zZp4--w | Awakening — a twenty-year artistic reflection https://www.youtube.com/watch?v=npJ6YeYxQ64 | Everything that can happen to a woman — interview https://www.youtube.com/watch?v=ZzZj0ompifI | Complete YouTube playlists https://www.youtube.com/@norbert.banhalmi/playlists | Wikipedia  Biography, exhibitions, books, press and moving-image references. https://hu.wikipedia.org/wiki/B%C3%A1nhalmi_Norbert | Wikidata  The central entity identifier for Norbert Bánhalmi. https://www.wikidata.org/wiki/Q56391118 | Wikimedia Commons  Citable images and media records. https://commons.wikimedia.org/wiki/Special:MediaSearch?type=image&search=Norbert%20Banhalmi | YouTube  The moving-image documentation of the oeuvre. https://www.youtube.com/@norbert.banhalmi/playlists",https://tinkmara.com/2014/12/14/magyar-nok-new-yorkban/ | https://nlc.hu/foto/20150306/a-no-otven-arnyalata-foto/ | https://www.bitcoinbazis.hu/a-magyar-fotomuvesz-aki-az-aktfotokat-az-nft-k-vilagaba-invitalta/ | https://www.youtube.com/watch?v=cv4ylqkvNo4 | https://www.youtube.com/watch?v=Fv3J_l8Mp_I | https://www.youtube.com/watch?v=dDfbT7JlDi4 | https://www.youtube.com/watch?v=cuPzuMSXxMc | https://www.youtube.com/watch?v=AfK29ELPWBY | https://www.youtube.com/watch?v=rkSlrX6kEyg | https://www.youtube.com/watch?v=Q9vXitVpo7Y | https://www.youtube.com/watch?v=zCHkRlv-ZB0 | https://www.youtube.com/watch?v=nyKyRWrtn7Q | https://www.youtube.com/watch?v=ch66zZp4--w | https://www.youtube.com/watch?v=npJ6YeYxQ64 | https://www.youtube.com/watch?v=ZzZj0ompifI | https://www.youtube.com/@norbert.banhalmi/playlists | https://www.youtube.com/@norbert.banhalmi/playlists,41,"All 35 press/moving-image archive entries, source types and matching schema list; independent sources distinguished from documentation",Heading hierarchy and external-source presentation,None without record-specific evidence,"Three selected source links with publisher, project context and year, before the complete 35-record archive","Preserve canonical, hreflang, metadata and record identity",Do not invent events or source relationships,Competing source/artifact geometry; oversized shared heading caps,Committed geometry; bounded shared type; consistent external indicators,Source and translation audit completed; 12-width rendered QA pending
/curators.html,curators,curator / reader,"Which works, periods and sources support a curatorial reading?",The person behind the photographs,"The short version | A route through the work | 1 · From discipline to human stories | 2 · Historical trauma: Milestones ’56 | 3 · The body as battlefield and sanctuary: Awakening | 4 · The stations of female existence: The World of Woman | 5 · Technology as an artistic tool | 6 · Toward sacred intimacy: Touch | 7 · Why this might interest you | Exhibition concepts I would love to build with you | Sources and documentation | How the work changed over the years | When does someone truly appear in a photograph? | How I work | How it took shape | High-resolution files, exhibition documentation and publication rights.","Rege Gallery, Tihany https://www.regegaleria.hu | Wikipedia  Independent biographical overview https://hu.wikipedia.org/wiki/B%C3%A1nhalmi_Norbert | Wikidata  Central machine-readable entity identifier https://www.wikidata.org/wiki/Q56391118 | Wikimedia Commons  Referenced visual documentation https://commons.wikimedia.org/wiki/Special:MediaSearch?type=image&search=Norbert%20Banhalmi | YouTube  Moving-image archive, interviews and reports https://www.youtube.com/@norbert.banhalmi/playlists | Contact the studio → https://www.norbertbanhalmi.com/contact/",https://www.youtube.com/@norbert.banhalmi/playlists,6,"All dated archive records, works, provenance and existing source relationships",Heading hierarchy and external-source presentation,None without record-specific evidence,Named project press links when supported by the existing source registry,"Preserve canonical, hreflang, metadata and record identity",Do not invent events or source relationships,Competing source/artifact geometry; oversized shared heading caps,Committed geometry; bounded shared type; consistent external indicators,Source and translation audit completed; 12-width rendered QA pending
/community.html,community,reader / curator,"How do photography, teaching, exhibitions and community work connect?",Community & Teaching,"Be Smart Kids Club | Fundraisers that fixed real things | VIPACH — Vienna Photo Art & Creative Hub | Hungarian School Vienna — photography programme | Art to Go | Rege Gallery, Tihany | Exhibitions I curated for others | Fifteen years of charity work","VIPACH — Vienna Photo Art & Creative Hub https://www.vipach.at/ | ORF Volksgruppen https://volksgruppen.orf.at/magyarok/stories/3300070/ | Rege Gallery, Tihany https://www.regegaleria.hu",,3,"All dated archive records, works, provenance and existing source relationships",Heading hierarchy and external-source presentation,None without record-specific evidence,Named project press links when supported by the existing source registry,"Preserve canonical, hreflang, metadata and record identity",Do not invent events or source relationships,Competing source/artifact geometry; oversized shared heading caps,Committed geometry; bounded shared type; consistent external indicators; Rege/VIPACH/ORF destination parity restored,Source and translation audit completed; 12-width rendered QA pending
/writing.html,writing,reader / curator,Where can I read the artist’s published writing and documented OM SYSTEM context?,"Writing, Teaching & the OM SYSTEM Years",The Japan Times / Bridges — Reveal your artistic side | Professional articles | Memberships & artistic affiliations,"The Japan Times / Bridges https://sms-bridges.com/reveal-your-artistic-side/ | OM SYSTEM Ambassadors https://www.milcclub.com/ambassadors | OM SYSTEM (Olympus) — official brand ambassador, Hungary https://www.milcclub.com/ambassadors | Pannon Fényképészkör Egyesület — honorary member https://fenykepeszkor.hu/ | WKO Wien · Landesinnung der Berufsfotografen — Banhalmi Norbert e.U. professional membership https://firmen.wko.at/norbert-banhalmi-visuelle-strategische-partnerschaft-f%C3%BCr-f%C3%BChrungskr%C3%A4fte/wien/?firmaid=12bd142c-5fcf-4457-9a90-47fbff162b40 | AmCham Austria — Banhalmi Norbert e.U. organizational membership https://amcham.at/members-list/yearbook-2026/#members | Magyar Fotóművészek Világszövetsége (MFVSZ) https://www.mfvsz.com/hu/tagsag/ | Budapest Artineris — accepted artist participant / artist profile https://budapest.artineris.com/en/artists/?codice=FMRAXT",,8,"All dated archive records, works, provenance and existing source relationships",Heading hierarchy and external-source presentation,None without record-specific evidence,Named project press links when supported by the existing source registry,"Preserve canonical, hreflang, metadata and record identity",Do not invent events or source relationships,Competing source/artifact geometry; oversized shared heading caps,Committed geometry; bounded shared type; consistent external indicators,Source and translation audit completed; 12-width rendered QA pending
/exhibitions/fotokiallitas1.html,exhibition,reader / curator,"Real Women — 30+1 Portraits of Natural Beauty: what was shown, where, when, and what survives in the archive?",Real Women — 30+1 Portraits of Natural Beauty,"Works from the exhibition | How it connects to the wider work | Institutions, books and exhibitions",Behind the scenes https://youtu.be/3jmljUgMxSk,,1,"All dated archive records, works, provenance and existing source relationships",Heading hierarchy and external-source presentation,None without record-specific evidence,Named project press links when supported by the existing source registry,"Preserve canonical, hreflang, metadata and record identity",Do not invent events or source relationships,Competing source/artifact geometry; oversized shared heading caps,Committed geometry; bounded shared type; consistent external indicators,Source and translation audit completed; 12-width rendered QA pending
/exhibitions/fotokiallitas2.html,exhibition,reader / curator,"Those Old Flirty Times — Pin-Up Rehabilitated: what was shown, where, when, and what survives in the archive?",Those Old Flirty Times — Pin-Up Rehabilitated,"Works from the exhibition | How it connects to the wider work | Institutions, books and exhibitions",Behind the scenes https://youtu.be/emvkvn4kKr8,,1,"All dated archive records, works, provenance and existing source relationships",Heading hierarchy and external-source presentation,None without record-specific evidence,Named project press links when supported by the existing source registry,"Preserve canonical, hreflang, metadata and record identity",Do not invent events or source relationships,Competing source/artifact geometry; oversized shared heading caps,Committed geometry; bounded shared type; consistent external indicators,Source and translation audit completed; 12-width rendered QA pending
/exhibitions/fotokiallitas3.html,exhibition,reader / curator,"Hungarian Women in New York: what was shown, where, when, and what survives in the archive?",Hungarian Women in New York,"Works from the exhibition | How it connects to the wider work | Institutions, books and exhibitions",Behind the scenes https://youtu.be/9SFMwYpgr8A | Feature article https://tinkmara.com/2014/12/14/magyar-nok-new-yorkban/,https://tinkmara.com/2014/12/14/magyar-nok-new-yorkban/,2,"All dated archive records, works, provenance and existing source relationships",Heading hierarchy and external-source presentation,None without record-specific evidence,Named project press links when supported by the existing source registry,"Preserve canonical, hreflang, metadata and record identity",Do not invent events or source relationships,Competing source/artifact geometry; oversized shared heading caps,Committed geometry; bounded shared type; consistent external indicators,Source and translation audit completed; 12-width rendered QA pending
/exhibitions/fotokiallitas4.html,exhibition,reader / curator,"50 Shades of Woman: what was shown, where, when, and what survives in the archive?",50 Shades of Woman,"Works from the exhibition | How it connects to the wider work | Institutions, books and exhibitions",riport film https://youtu.be/AfK29ELPWBY | Feature article https://nlc.hu/foto/20150306/a-no-otven-arnyalata-foto/,https://nlc.hu/foto/20150306/a-no-otven-arnyalata-foto/,2,"All dated archive records, works, provenance and existing source relationships",Heading hierarchy and external-source presentation,None without record-specific evidence,Named project press links when supported by the existing source registry,"Preserve canonical, hreflang, metadata and record identity",Do not invent events or source relationships,Competing source/artifact geometry; oversized shared heading caps,Committed geometry; bounded shared type; consistent external indicators,Source and translation audit completed; 12-width rendered QA pending
/exhibitions/fotokiallitas5.html,exhibition,reader / curator,"I Became a Father: what was shown, where, when, and what survives in the archive?",I Became a Father,"Works from the exhibition | How it connects to the wider work | Institutions, books and exhibitions",Video report https://youtu.be/dDfbT7JlDi4 | Feature article https://5bfb58f7-cf3f-4eee-acbd-b8fcac6b217b.filesusr.com/ugd/b0aee1_e27c93f6e7874e48a350b796c2db0d70.pdf,,2,"All dated archive records, works, provenance and existing source relationships",Heading hierarchy and external-source presentation,None without record-specific evidence,Named project press links when supported by the existing source registry,"Preserve canonical, hreflang, metadata and record identity",Do not invent events or source relationships,Competing source/artifact geometry; oversized shared heading caps,Committed geometry; bounded shared type; consistent external indicators,Source and translation audit completed; 12-width rendered QA pending
/exhibitions/merfoldkovek1956.html,exhibition,reader / curator,"Milestones ’56: what was shown, where, when, and what survives in the archive?",Milestones ’56,"What do people carry with them when they leave their country — in their pockets and in their memory? | Who made the exhibition, and when | Works from the exhibition |  | How it connects to the wider work | Human stories and historical memory | Sources connected to this chapter",Exhibition opening https://youtu.be/LT3W4Ck7Fbg | Video report 1 https://youtu.be/Q9vXitVpo7Y | Project overview https://magyarforradalom1956.hu/aktualitasok/hirek/v/merfoldkovek--56-os-portrekepekbol-rendeztek-kiallitast-new-yorkban/ | Video report 2 https://youtu.be/u21fKNfJguA | Video report 3 https://youtu.be/8w3biR5ejhM | Critical response https://kanadaihirlap.com/2016/10/25/lovas-gyorgy-56-os-gyilkossagaival-dicsekszik/ | Press coverage 1 https://mandiner.hu/kultura/2016/10/papp-laszlo-1956-interju-epiteszet-forradalom | Press coverage 2 https://www.hungaryfoundation.org/milestones-hungarian-house-ny/ | Milestones ’56 in New York  Independent or institutional source https://www.magyarforradalom1956.hu/v/merfoldkovek--56-os-portrekepekbol-rendeztek-kiallitast-new-yorkban/,,9,"All dated archive records, works, provenance and existing source relationships",Heading hierarchy and external-source presentation,None without record-specific evidence,Named project press links when supported by the existing source registry,"Preserve canonical, hreflang, metadata and record identity",Do not invent events or source relationships,Competing source/artifact geometry; oversized shared heading caps,Committed geometry; bounded shared type; consistent external indicators,Source and translation audit completed; 12-width rendered QA pending
/exhibitions/szosszenetek.html,exhibition,reader / curator,"Snippets: what was shown, where, when, and what survives in the archive?",Snippets,Works from the exhibition | How it connects to the wider work | The body as memory and recovery | Sources connected to this chapter,Behind the scenes https://www.youtube.com/watch?v=3e4kUT4n-bo,https://www.youtube.com/watch?v=3e4kUT4n-bo,1,"All dated archive records, works, provenance and existing source relationships",Heading hierarchy and external-source presentation,None without record-specific evidence,Named project press links when supported by the existing source registry,"Preserve canonical, hreflang, metadata and record identity",Do not invent events or source relationships,Competing source/artifact geometry; oversized shared heading caps,Committed geometry; bounded shared type; consistent external indicators,Source and translation audit completed; 12-width rendered QA pending
/exhibitions/ebredes.html,exhibition,reader / curator,"Awakening — The New Beginning: what was shown, where, when, and what survives in the archive?",Awakening — The New Beginning,What happens to a person’s body and self-image after serious illness? | Works from the exhibition | How it connects to the wider work | The body as memory and recovery | Sources connected to this chapter,Video report https://youtu.be/XI5WavAwFOY | Exhibition opening https://www.youtube.com/playlist?list=PLwsdxt-KFeDhA24FWl5IOWV6WRj8uFtfA | The beginnings https://youtu.be/beVLw0zzKNM | Poems https://youtu.be/9Yh-yyxt14I | Behind the scenes https://youtu.be/i8v_7xEp_go | Feature article https://she.life.hu/herself/2017/05/rak-betegseg-megelese-kiallitas-ebredes-az-uj-kezdet-emberi-tortenetek | Feature article 2 https://she.life.hu/nofilter/2017/05/ebredes-nok-rak-aktfotozas-szex-tabu-tema-fotokiallitas-banhalmi-norbert | Feature article 3 https://she.life.hu/nofilter/2017/04/ebredes-rak-nok-akt-banhalmi-norbert-foto-kiallitas | Interview https://she.life.hu/nofilter/2017/03/banhalmi-norbert-profi-fotos-interju-modell-belso-szepseg-szepnek-latni-magad | Video report 2 https://youtu.be/rkSlrX6kEyg | Press coverage https://femina.hu/szepseg/ebredes-az-uj-kezdet-kiallitas/ | Feature article 4 https://5bfb58f7-cf3f-4eee-acbd-b8fcac6b217b.filesusr.com/ugd/b0aee1_e8887418b04442f08558cb9bdc9bfb29.pdf | The man who looks at your appearance but sees your soul  Independent or institutional source https://she.life.hu/nofilter/2017/03/banhalmi-norbert-profi-fotos-interju-modell-belso-szepseg-szepnek-latni-magad | My first and last nude session  Independent or institutional source https://she.life.hu/nofilter/20170413-aktfotozas-elmeny-onbizalom-mellrak-tulelo-melleltavolito-mutet.html | Permanent exhibition at the Oncology Centre  Independent or institutional source https://www.veol.hu/vezeto-hirek/2018/03/csolnoky-ferenc-korhaz-onkologiai-centrum-rak-kiallitas | Awakening — The New Beginning! exhibition interview  Moving-image record https://youtu.be/XI5WavAwFOY,https://www.youtube.com/playlist?list=PLwsdxt-KFeDhA24FWl5IOWV6WRj8uFtfA,16,"All dated archive records, works, provenance and existing source relationships",Heading hierarchy and external-source presentation,None without record-specific evidence,Named project press links when supported by the existing source registry,"Preserve canonical, hreflang, metadata and record identity",Do not invent events or source relationships,Competing source/artifact geometry; oversized shared heading caps,Committed geometry; bounded shared type; consistent external indicators,Source and translation audit completed; 12-width rendered QA pending
/exhibitions/anovilaga.html,exhibition,reader / curator,"The World of Woman: what was shown, where, when, and what survives in the archive?",The World of Woman,"Why do we expect the same person to fit the same ideal at twenty, forty and seventy? | Works from the exhibition | Women’s stories connected to the exhibition and book | How it connects to the wider work | The body, identity and turning points | Sources connected to this chapter",Video report https://youtu.be/cuPzuMSXxMc | Video report 2 https://youtu.be/5ylseh-rduo | beszámoló https://she.life.hu/herself/2018/05/a-rendorsegi-fogdan-ert-veget-a-szerelmunk-banhalmi-norbert | Read Women’s Stories on the BANHALMI blog https://blog.banhalmi.art/en/blog/categories/womens-stories | The World of Woman  Moving-image record https://www.youtube.com/watch?v=cuPzuMSXxMc,https://www.youtube.com/watch?v=cuPzuMSXxMc,5,"All dated archive records, works, provenance and existing source relationships",Heading hierarchy and external-source presentation,None without record-specific evidence,Named project press links when supported by the existing source registry,"Preserve canonical, hreflang, metadata and record identity",Do not invent events or source relationships,Competing source/artifact geometry; oversized shared heading caps,Committed geometry; bounded shared type; consistent external indicators,Source and translation audit completed; 12-width rendered QA pending
/exhibitions/balerina-project-new-york.html,exhibition,reader / curator,"Ballerina Project New York — Strut Your Stuff: what was shown, where, when, and what survives in the archive?",Ballerina Project New York — Strut Your Stuff,"Works from the exhibition | How it connects to the wider work | Institutions, books and exhibitions",Behind the scenes https://youtu.be/0-snau_-Rlo,,1,"All dated archive records, works, provenance and existing source relationships",Heading hierarchy and external-source presentation,None without record-specific evidence,Named project press links when supported by the existing source registry,"Preserve canonical, hreflang, metadata and record identity",Do not invent events or source relationships,Competing source/artifact geometry; oversized shared heading caps,Committed geometry; bounded shared type; consistent external indicators,Source and translation audit completed; 12-width rendered QA pending
/exhibitions/fotokiallitas8.html,exhibition,reader / curator,"Contemporary Artists of Pest County: what was shown, where, when, and what survives in the archive?",Contemporary Artists of Pest County,"Works from the exhibition | How it connects to the wider work | Institutions, books and exhibitions",,,0,"All dated archive records, works, provenance and existing source relationships",Heading hierarchy and external-source presentation,None without record-specific evidence,Named project press links when supported by the existing source registry,"Preserve canonical, hreflang, metadata and record identity",Do not invent events or source relationships,Competing source/artifact geometry; oversized shared heading caps,Committed geometry; bounded shared type; consistent external indicators,Source and translation audit completed; 12-width rendered QA pending
/exhibitions/theframe.html,exhibition,reader / curator,"The Frame — 20 Years: what was shown, where, when, and what survives in the archive?",The Frame — 20 Years,"Works from the exhibition | How it connects to the wider work | Institutions, books and exhibitions",Video report https://youtu.be/xmZXqdL82-U | Event preview https://www.milcclub.com/theframe-media,,2,"All dated archive records, works, provenance and existing source relationships",Heading hierarchy and external-source presentation,None without record-specific evidence,Named project press links when supported by the existing source registry,"Preserve canonical, hreflang, metadata and record identity",Do not invent events or source relationships,Competing source/artifact geometry; oversized shared heading caps,Committed geometry; bounded shared type; consistent external indicators,Source and translation audit completed; 12-width rendered QA pending
/exhibitions/teislehetsz.html,exhibition,reader / curator,"You Can Be Too…: what was shown, where, when, and what survives in the archive?",You Can Be Too…,"Works from the exhibition | How it connects to the wider work | Institutions, books and exhibitions",video riport https://youtu.be/cCylPUNJbzU,,1,"All dated archive records, works, provenance and existing source relationships",Heading hierarchy and external-source presentation,None without record-specific evidence,Named project press links when supported by the existing source registry,"Preserve canonical, hreflang, metadata and record identity",Do not invent events or source relationships,Competing source/artifact geometry; oversized shared heading caps,Committed geometry; bounded shared type; consistent external indicators,Source and translation audit completed; 12-width rendered QA pending
/exhibitions/themensdream.html,exhibition,reader / curator,What was the 2022 NFT project and what does independent coverage support?,The Men’s Dream — The Genesis of Beauty,"Works from the exhibition | How it connects to the wider work | Institutions, books and exhibitions",Behind the scenes https://youtu.be/8mopSA5P-fs | New York Today — NFT launch & charity auction https://www.thenewyorktoday.com/young-hungarian-startup-reveals-its-unique-vision-at-exclusive-nft-party/ | BitcoinBázis — fine-art nudes in the NFT world https://www.bitcoinbazis.hu/a-magyar-fotomuvesz-aki-az-aktfotokat-az-nft-k-vilagaba-invitalta/ | podcast 1 https://youtu.be/Qx5GJ5LRpDc?si=o_6STSDT87_f9JFG | podcast 2 https://youtu.be/k4aVodT_ARk?si=IsS1hIT3-3KS-GVD,https://www.thenewyorktoday.com/young-hungarian-startup-reveals-its-unique-vision-at-exclusive-nft-party/ | https://www.bitcoinbazis.hu/a-magyar-fotomuvesz-aki-az-aktfotokat-az-nft-k-vilagaba-invitalta/,5,18 archived works; New York context; New York Today and BitcoinBázis source links; no national-firstness claim,Heading hierarchy and external-source presentation,None without record-specific evidence,Named project press links when supported by the existing source registry,"Preserve canonical, hreflang, metadata and record identity",Do not invent events or source relationships,Competing source/artifact geometry; oversized shared heading caps,Committed geometry; bounded shared type; consistent external indicators,Source and translation audit completed; 12-width rendered QA pending
/exhibitions/avalosag.html,exhibition,reader / curator,"The False Faces of Reality / The Lies of the Internet: what was shown, where, when, and what survives in the archive?",The False Faces of Reality / The Lies of the Internet,"Works from the exhibition | How it connects to the wider work | Institutions, books and exhibitions","Press coverage https://vehir.hu/cikk/70153-a-muveszet-segitsegevel-leplezik-le-az-ai-hazugsagait | Press coverage 2 https://veszpremkukac.hu/kiallitas-az-internet-hazugsagai/ | Press coverage 3 https://likebalaton.hu/telepules/siofok_sosto_szabadifurdo_balatonszeplak/hireink/balatoni-programok-az-augusztus-26-27-i-hetvegere-290418/ | Press coverage 4 https://www.teol.hu/helyi-eletstilus/2023/08/a-nyar-utolso-vasarnapja-is-tartogat-meg-programokat-a-balatonon | Academic study, p. 81 https://jogtudo.uni-miskolc.hu/files/25467/7_Tukacs_Sapi_final.pdf",,5,"All dated archive records, works, provenance and existing source relationships",Heading hierarchy and external-source presentation,None without record-specific evidence,Named project press links when supported by the existing source registry,"Preserve canonical, hreflang, metadata and record identity",Do not invent events or source relationships,Competing source/artifact geometry; oversized shared heading caps,Committed geometry; bounded shared type; consistent external indicators,Source and translation audit completed; 12-width rendered QA pending
/exhibitions/touch-wien.html,exhibition,reader / curator,"Touch Vienna & Touch Munich: what was shown, where, when, and what survives in the archive?",Touch Vienna & Touch Munich,"Can we photograph the body and touch without turning a person into an object? | Works from the exhibition | How it connects to the wider work | Institutions, books and exhibitions",Behind the scenes — Vienna https://video.wixstatic.com/video/b0aee1_9386523e7a124ca3837e8450ab1d82d4/1080p/mp4/file.mp4 | Behind the scenes — Munich https://video.wixstatic.com/video/b0aee1_dae3edb80b164c21a16f1fde35d0ea3d/1080p/mp4/file.mp4 | Behind the scenes https://video.wixstatic.com/video/b0aee1_d01811daaa294f67a4c2a9ff3cffb179/1080p/mp4/file.mp4 | Event preview https://everness.hu/fesztival/programok/programok/intim-masszazs-egy-fotos-szemszogebol,,4,"All dated archive records, works, provenance and existing source relationships",Heading hierarchy and external-source presentation,None without record-specific evidence,Named project press links when supported by the existing source registry,"Preserve canonical, hreflang, metadata and record identity",Do not invent events or source relationships,Competing source/artifact geometry; oversized shared heading caps,Committed geometry; bounded shared type; consistent external indicators,Source and translation audit completed; 12-width rendered QA pending
/exhibitions/enano.html,exhibition,reader / curator,"I Am the Woman: what was shown, where, when, and what survives in the archive?",I Am the Woman,"Works from the exhibition | How it connects to the wider work | Institutions, books and exhibitions",Behind the scenes https://youtu.be/KAhKsLnSO_c,,1,"All dated archive records, works, provenance and existing source relationships",Heading hierarchy and external-source presentation,None without record-specific evidence,Named project press links when supported by the existing source registry,"Preserve canonical, hreflang, metadata and record identity",Do not invent events or source relationships,Competing source/artifact geometry; oversized shared heading caps,Committed geometry; bounded shared type; consistent external indicators,Source and translation audit completed; 12-width rendered QA pending
/exhibitions/femmefatale.html,exhibition,reader / curator,"Femme Fatale: what was shown, where, when, and what survives in the archive?",Femme Fatale,"Works from the exhibition | How it connects to the wider work | Institutions, books and exhibitions",,,0,"All dated archive records, works, provenance and existing source relationships",Heading hierarchy and external-source presentation,None without record-specific evidence,Named project press links when supported by the existing source registry,"Preserve canonical, hreflang, metadata and record identity",Do not invent events or source relationships,Competing source/artifact geometry; oversized shared heading caps,Committed geometry; bounded shared type; consistent external indicators,Source and translation audit completed; 12-width rendered QA pending
/exhibitions/mas-kepp-mas.html,exhibition,reader / curator,"Different Image / Different: what was shown, where, when, and what survives in the archive?",Different Image / Different,"Works from the exhibition | How it connects to the wider work | Institutions, books and exhibitions",Feature article https://vehir.hu/cikk/76376-mindenki-maskeppen-mas,,1,"All dated archive records, works, provenance and existing source relationships",Heading hierarchy and external-source presentation,None without record-specific evidence,Named project press links when supported by the existing source registry,"Preserve canonical, hreflang, metadata and record identity",Do not invent events or source relationships,Competing source/artifact geometry; oversized shared heading caps,Committed geometry; bounded shared type; consistent external indicators,Source and translation audit completed; 12-width rendered QA pending
/exhibitions/euforia.html,exhibition,reader / curator,"What is the developing project, which works exist, and how is each portrait documented?",EUFÓRIA — The Anatomy of Presence,"What is EUFÓRIA? | Péter Magyar — Heroes’ Square, Budapest, 15 March 2026, 16:57 | The afterlife of a single frame | Péter Magyar portrait — authorship, provenance and documented circulation | Where the picture travelled | Sources connected to this chapter | A portrait beyond the photographer’s control | Azahriah — Heroes’ Square, Budapest, 10 April 2026 | How it connects to the wider work | Public and leadership presence","Continuously updated gallery — Flickr https://www.flickr.com/photos/vipach/albums/72177720332618686 | Wikimedia Commons ↗ https://commons.wikimedia.org/wiki/File:Peter-Magyar-portrait-2026.jpg | Wikimedia Commons https://commons.wikimedia.org/wiki/File:Peter-Magyar-portrait-2026.jpg | Flickr https://www.flickr.com/photos/vipach/55157248453/in/album-72177720332618686 | Global usage statistics https://commons.wikimedia.org/wiki/Special:GlobalUsage/Peter-Magyar-portrait-2026.jpg | Wikimedia Commons provenance https://commons.wikimedia.org/wiki/File:Peter-Magyar-portrait-2026.jpg | Wikidata subject record https://www.wikidata.org/wiki/Q124488292 | Die Weltwoche — „Ein talentierter Schlawiner“ (09.04.2026) https://weltwoche.ch/story/ein-talentierter-schlawiner | The Hungary Report — Opinion: The End of the Strongman Spell (30.03.2026) https://www.thehungaryreport.com/p/opinion-the-end-of-the-strongman | American Thinker — critical commentary (27.03.2026) https://www.americanthinker.com/articles/2026/03/peter_magyar_globalists_chosen_puppet_in_the_assault_on_trump_s_strongest_european_ally.html | SOTA — report in Russian (13.04.2026) https://sotaproject.com/news/111746 | The Brussels Times https://www.brusselstimes.com/2148257/prime-minister-magyar-stops-hungarys-withdrawal-from-the-icc | Eastern Herald https://easternherald.com/2026/06/10/hungary-anti-corruption-bill-eu-funds-magyar/ | Spectre Journal — The Hungarian Spring https://spectrejournal.com/the-hungarian-spring/ | Politics UK — A new dawn for Hungary https://politicsuk.com/news/a-new-dawn-for-hungary-the-election-that-ended-the-16-year-orban-era/ | Kiskegyed — the story of the photograph (25.05.2026) https://www.kiskegyed.hu/nepszeru/kulfoldon-is-hatalmasat-ment-a-magyar-peterrol-keszult-foto/gqlpkqw | Rólunk.at — interview on the motivation (10.06.2026) https://rolunk.at/aktualis/a-fiataloknak-ma-mar-bizonyitek-kell-egy-becsi-kreativ-kozosseg-uj-generaciot-epit/ | Portrait of Péter Magyar — Wikimedia Commons record  Independent or institutional source https://commons.wikimedia.org/wiki/File:Peter-Magyar-portrait-2026.jpg | Canonical record on Wikimedia Commons https://commons.wikimedia.org/wiki/File:Azahriah,_Rendszerbont%C3%B3_Nagykoncert._2026.04.10._Budapest,_Hero_square.jpg | English Wikipedia https://en.wikipedia.org/wiki/Azahriah | Volapük Wikipedia https://vo.wikipedia.org/wiki/Azahriah | Wikidata Q109626459 https://www.wikidata.org/wiki/Q109626459",,22,2026 start; target twenty works; two documented works; candidate statuses; no confirmed venue/date; separate Péter Magyar and Azahriah provenance,Shared headings and long quotation measure; retain contextual disclosures,None without record-specific evidence,"No new political, commission or affiliation claims","Preserve canonical, hreflang, metadata and record identity",Do not invent events or source relationships,Competing source/artifact geometry; oversized shared heading caps,Committed geometry; bounded shared type; consistent external indicators,Source and translation audit completed; 12-width rendered QA pending
/books/book-ebredes.html,book,reader / curator,What is Awakening: The New Beginning! and where can I find its context?,Awakening: The New Beginning!,How it connects to the wider work | The body as memory and recovery | Sources connected to this chapter,The man who looks at your appearance but sees your soul  Independent or institutional source https://she.life.hu/nofilter/2017/03/banhalmi-norbert-profi-fotos-interju-modell-belso-szepseg-szepnek-latni-magad | My first and last nude session  Independent or institutional source https://she.life.hu/nofilter/20170413-aktfotozas-elmeny-onbizalom-mellrak-tulelo-melleltavolito-mutet.html | Permanent exhibition at the Oncology Centre  Independent or institutional source https://www.veol.hu/vezeto-hirek/2018/03/csolnoky-ferenc-korhaz-onkologiai-centrum-rak-kiallitas | Awakening — The New Beginning! exhibition interview  Moving-image record https://youtu.be/XI5WavAwFOY,,4,"All dated archive records, works, provenance and existing source relationships",Heading hierarchy and external-source presentation,None without record-specific evidence,Named project press links when supported by the existing source registry,"Preserve canonical, hreflang, metadata and record identity",Do not invent events or source relationships,Competing source/artifact geometry; oversized shared heading caps,Committed geometry; bounded shared type; consistent external indicators,Source and translation audit completed; 12-width rendered QA pending
/books/book-szosszenetek.html,book,reader / curator,What is Snippets and where can I find its context?,Snippets,How it connects to the wider work | The body as memory and recovery | Sources connected to this chapter,,,0,"All dated archive records, works, provenance and existing source relationships",Heading hierarchy and external-source presentation,None without record-specific evidence,Named project press links when supported by the existing source registry,"Preserve canonical, hreflang, metadata and record identity",Do not invent events or source relationships,Competing source/artifact geometry; oversized shared heading caps,Committed geometry; bounded shared type; consistent external indicators,Source and translation audit completed; 12-width rendered QA pending
/books/book-anovilaga.html,book,reader / curator,What is The World of Woman and where can I find its context?,The World of Woman,"Companion stories from  A nő világa | How it connects to the wider work | The body, identity and turning points | Sources connected to this chapter",Read the companion stories on the BANHALMI ART blog https://blog.banhalmi.art/en/blog/categories/womens-stories | The World of Woman  Moving-image record https://www.youtube.com/watch?v=cuPzuMSXxMc,https://www.youtube.com/watch?v=cuPzuMSXxMc,2,"All dated archive records, works, provenance and existing source relationships",Heading hierarchy and external-source presentation,None without record-specific evidence,Named project press links when supported by the existing source registry,"Preserve canonical, hreflang, metadata and record identity",Do not invent events or source relationships,Competing source/artifact geometry; oversized shared heading caps,Committed geometry; bounded shared type; consistent external indicators,Source and translation audit completed; 12-width rendered QA pending
/de-at/,home,curator / reader,"Who is the artist, what is the work, and where should I start?",BANHALMI,Wann tritt die Rolle zurück und der Mensch hervor? | Meine persönlichen Favoriten aus dem Archiv | Auf den Spuren der Präsenz | Wie es Gestalt annahm | Bücher | Ausstellungen | Kontakt aufnehmen | Quellen und Dokumentation,"Leistungen https://www.norbertbanhalmi.com/de-at/#services | Instagram · @norbert.banhalmi https://www.instagram.com/norbert.banhalmi/ | Print, Publikation oder Ausstellungsnutzung → https://www.norbertbanhalmi.com/de-at/kontakt/ | Turul Award https://www.fotozasturul.eu/profile-64-banhalmi-norbert-executive-portre-es-muveszeti-fotografia | TOP100 of Hungary https://www.top100ofhungary.eu/company/197578/banhalmi-norbert-executive-portre-es-muveszeti-fotografia | Verifizierte Biografie — Wikipedia https://hu.wikipedia.org/wiki/B%C3%A1nhalmi_Norbert | Mediendateien — Wikimedia Commons https://commons.wikimedia.org/wiki/Special:MediaSearch?type=image&search=Norbert%20Banhalmi | Lágymányosi u. 15. https://www.google.com/maps/search/?api=1&query=L%C3%A1gym%C3%A1nyosi%20u.%2015%2C%201111%20Budapest%2C%20Hungary | In Google Maps öffnen → https://www.google.com/maps/search/?api=1&query=L%C3%A1gym%C3%A1nyosi%20u.%2015%2C%201111%20Budapest%2C%20Hungary | Schwedenplatz 2. https://www.google.com/maps/search/?api=1&query=Schwedenplatz%202%2C%201010%20Vienna%2C%20Austria | In Google Maps öffnen → https://www.google.com/maps/search/?api=1&query=Schwedenplatz%202%2C%201010%20Vienna%2C%20Austria | Professionelle Leistungen → https://www.norbertbanhalmi.com/de-at/#services | Wikipedia  Unabhängige biografische Übersicht https://hu.wikipedia.org/wiki/B%C3%A1nhalmi_Norbert | Wikidata  Zentrale maschinenlesbare Entitätskennung https://www.wikidata.org/wiki/Q56391118 | Wikimedia Commons  Referenzierbare visuelle Dokumentation https://commons.wikimedia.org/wiki/Special:MediaSearch?type=image&search=Norbert%20Banhalmi | YouTube  Interviews, Berichte und Bewegtbildarchiv https://www.youtube.com/@norbert.banhalmi/playlists",https://www.youtube.com/@norbert.banhalmi/playlists,16,"Selected photographs, artistic position, dated exhibitions, books, curatorial entry, discreet Professional bridge",Heading hierarchy and external-source presentation,None without record-specific evidence,Named project press links when supported by the existing source registry,"Preserve canonical, hreflang, metadata and record identity",Do not invent events or source relationships,Competing source/artifact geometry; oversized shared heading caps,Committed geometry; bounded shared type; consistent external indicators,Source and translation audit completed; 12-width rendered QA pending
/de-at/press.html,press,curator / reader,What has been independently published about the work?,"Artikel, Interviews und Fernsehgespräche","Einen Zeitraum wählen oder das gesamte Archiv durchgehen | Den Augenblick erkennen | Der Körper als Erinnerung | Präsenz zwischen Kunst und Institution | Gemeinschaft, Verantwortung und öffentliche Präsenz | Die Stimme hinter den Fotografien | Ein überprüfbares Quellen­netzwerk des Lebenswerks","Mindennap Könyv · Die Welt der Frau · 2018 https://mindennapkonyv.hu/mindennapi/olvastuk/a-noi-let-kilenc-fordulopontja-banhalmi-norbert-a-no-vilaga | BitcoinBázis · The Men’s Dream · 2022 https://www.bitcoinbazis.hu/a-magyar-fotomuvesz-aki-az-aktfotokat-az-nft-k-vilagaba-invitalta/ | Rólunk.at · Wien, Gemeinschaft und künstlerische Arbeit · 2025 https://rolunk.at/magazin/a-lehetetlen-csupan-egy-szo/ | Ungarische Frauen in New York https://tinkmara.com/2014/12/14/magyar-nok-new-yorkban/ | Fifty Shades of Woman https://nlc.hu/foto/20150306/a-no-otven-arnyalata-foto/ | Ich wurde Vater https://web.archive.org/web/20180424135310/http://csalad.hu/2016/06/07/apanak-lenni-jo-meselnek-a-fotok | Milestones ’56 in New York https://www.magyarforradalom1956.hu/v/merfoldkovek--56-os-portrekepekbol-rendeztek-kiallitast-new-yorkban/ | ’56 im neuen Kanaan – Porträt von László Papp https://mandiner.hu/kultura/2016/10/papp-laszlo-1956-interju-epiteszet-forradalom | Der Mann, der dein Äußeres betrachtet und deine Seele sieht https://she.life.hu/nofilter/2017/03/banhalmi-norbert-profi-fotos-interju-modell-belso-szepseg-szepnek-latni-magad | Mein erstes und letztes Aktshooting https://she.life.hu/nofilter/20170413-aktfotozas-elmeny-onbizalom-mellrak-tulelo-melleltavolito-mutet.html | Dauerausstellung im Onkologischen Zentrum https://www.veol.hu/vezeto-hirek/2018/03/csolnoky-ferenc-korhaz-onkologiai-centrum-rak-kiallitas | Der Künstler hinter dem Business I – New York https://zarido.hu/muvesz-az-uzlet-mogott-1-resz/ | Der Künstler hinter dem Business II – Die weibliche Seele https://zarido.hu/muvesz-az-uzlet-mogott-2-resz/ | Der Künstler hinter dem Business III – Der Botschafter https://zarido.hu/muvesz-az-uzlet-mogott-3-resz-a-nagykovet/ | Reveal Your Artistic Side https://sms-bridges.com/reveal-your-artistic-side/ | Kunst zum Mitnehmen https://zarido.hu/a-nagy-mentoakcio-muveszet-elvitelre/ | Fine-Art-Aktfotografie in der NFT-Welt https://www.bitcoinbazis.hu/a-magyar-fotomuvesz-aki-az-aktfotokat-az-nft-k-vilagaba-invitalta/ | Ein Fotoclub in Wien https://volksgruppen.orf.at/magyarok/stories/3300070/ | Ein Jahr BMI Fotoclub https://rolunk.at/kultura/egyeves-a-bmi-fotoklub-hogyan-teremt-kozosseget-a-muveszet | Das Unmögliche ist nur ein Wort https://rolunk.at/magazin/a-lehetetlen-csupan-egy-szo/ | Ich möchte das Leben der Menschen schöner machen https://www.kiskegyed.hu/kepernyo/sulyos-baleset-vilaghiru-magyar-fotomuvesz/1dl719d | Wenn Fotografie Gemeinschaft schafft https://www.stihon.eu/2026/01/29/itt-a-3-lapszam/ | Porträt von Péter Magyar – EUFÓRIA https://commons.wikimedia.org/wiki/File:Peter-Magyar-portrait-2026.jpg | Awakening – The New Beginning! Ausstellungsinterview https://youtu.be/XI5WavAwFOY | Digitale Fotoausstellung in Tihany https://www.youtube.com/watch?v=cv4ylqkvNo4 | Porträtfotografie und ihre Psychologie https://www.youtube.com/watch?v=Fv3J_l8Mp_I | Ich wurde Vater https://www.youtube.com/watch?v=dDfbT7JlDi4 | The World of Woman https://www.youtube.com/watch?v=cuPzuMSXxMc | Fünfzig Schattierungen der Frau — Ausstellungsfilm https://www.youtube.com/watch?v=AfK29ELPWBY | Erwachen – Der neue Anfang! — Ausstellungsinterview https://www.youtube.com/watch?v=rkSlrX6kEyg | Meilensteine ’56 — Porträts und Lebenswege https://www.youtube.com/watch?v=Q9vXitVpo7Y | Mensch der Woche — Gespräch mit Andor Schmuck https://www.youtube.com/watch?v=zCHkRlv-ZB0 | Retuschierte Titelfotos und unerreichbare Ideale https://www.youtube.com/watch?v=nyKyRWrtn7Q | Der vierte Budapester Fotowettbewerb — Bericht https://www.youtube.com/watch?v=ch66zZp4--w | Erwachen — eine künstlerische Reflexion nach zwanzig Jahren https://www.youtube.com/watch?v=npJ6YeYxQ64 | Alles, was einer Frau widerfahren kann — Interview https://www.youtube.com/watch?v=ZzZj0ompifI | Vollständige YouTube-Playlists https://www.youtube.com/@norbert.banhalmi/playlists | Wikipedia  Biografie, Ausstellungen, Bücher, Presse und Bewegtbildbeiträge. https://hu.wikipedia.org/wiki/B%C3%A1nhalmi_Norbert | Wikidata  Die zentrale Entitätskennung für Norbert Bánhalmi. https://www.wikidata.org/wiki/Q56391118 | Wikimedia Commons  Zitierbare Bilder und Medienbestände. https://commons.wikimedia.org/wiki/Special:MediaSearch?type=image&search=Norbert%20Banhalmi | YouTube  Die Bewegtbilddokumentation des Lebenswerks. https://www.youtube.com/@norbert.banhalmi/playlists",https://tinkmara.com/2014/12/14/magyar-nok-new-yorkban/ | https://nlc.hu/foto/20150306/a-no-otven-arnyalata-foto/ | https://www.bitcoinbazis.hu/a-magyar-fotomuvesz-aki-az-aktfotokat-az-nft-k-vilagaba-invitalta/ | https://www.youtube.com/watch?v=cv4ylqkvNo4 | https://www.youtube.com/watch?v=Fv3J_l8Mp_I | https://www.youtube.com/watch?v=dDfbT7JlDi4 | https://www.youtube.com/watch?v=cuPzuMSXxMc | https://www.youtube.com/watch?v=AfK29ELPWBY | https://www.youtube.com/watch?v=rkSlrX6kEyg | https://www.youtube.com/watch?v=Q9vXitVpo7Y | https://www.youtube.com/watch?v=zCHkRlv-ZB0 | https://www.youtube.com/watch?v=nyKyRWrtn7Q | https://www.youtube.com/watch?v=ch66zZp4--w | https://www.youtube.com/watch?v=npJ6YeYxQ64 | https://www.youtube.com/watch?v=ZzZj0ompifI | https://www.youtube.com/@norbert.banhalmi/playlists | https://www.youtube.com/@norbert.banhalmi/playlists,41,"All 35 press/moving-image archive entries, source types and matching schema list; independent sources distinguished from documentation",Heading hierarchy and external-source presentation,None without record-specific evidence,"Three selected source links with publisher, project context and year, before the complete 35-record archive","Preserve canonical, hreflang, metadata and record identity",Do not invent events or source relationships,Competing source/artifact geometry; oversized shared heading caps,Committed geometry; bounded shared type; consistent external indicators,Source and translation audit completed; 12-width rendered QA pending
/de-at/curators.html,curators,curator / reader,"Which works, periods and sources support a curatorial reading?",Der Mensch hinter den Fotografien,"Die Kurzfassung | Ein Weg durch das Werk | 1 · Von der Disziplin zu menschlichen Geschichten | 2 · Historisches Trauma: Meilensteine ’56 | 3 · Der Körper als Schlachtfeld und Heiligtum: Erwachen | 4 · Die Stationen weiblicher Existenz: Die Welt der Frau | 5 · Technologie als künstlerisches Werkzeug | 6 · Auf dem Weg zur sakralen Intimität: Touch | 7 · Warum Sie das interessieren könnte | Ausstellungskonzepte, die ich gern mit Ihnen bauen würde | Quellen und Dokumentation | Wie sich meine Arbeit über die Jahre verändert hat | Wann wird ein Mensch auf einem Foto wirklich sichtbar? | So arbeite ich | Wie es Gestalt annahm | Hochauflösende Dateien, Ausstellungsdokumentation und Publikationsrechte.","Rege Galerie, Tihany https://www.regegaleria.hu | Wikipedia  Unabhängige biografische Übersicht https://hu.wikipedia.org/wiki/B%C3%A1nhalmi_Norbert | Wikidata  Zentrale maschinenlesbare Entitätskennung https://www.wikidata.org/wiki/Q56391118 | Wikimedia Commons  Referenzierbare visuelle Dokumentation https://commons.wikimedia.org/wiki/Special:MediaSearch?type=image&search=Norbert%20Banhalmi | YouTube  Interviews, Berichte und Bewegtbildarchiv https://www.youtube.com/@norbert.banhalmi/playlists | Studio kontaktieren → https://www.norbertbanhalmi.com/de-at/kontakt/",https://www.youtube.com/@norbert.banhalmi/playlists,6,"All dated archive records, works, provenance and existing source relationships",Heading hierarchy and external-source presentation,None without record-specific evidence,Named project press links when supported by the existing source registry,"Preserve canonical, hreflang, metadata and record identity",Do not invent events or source relationships,Competing source/artifact geometry; oversized shared heading caps,Committed geometry; bounded shared type; consistent external indicators,Source and translation audit completed; 12-width rendered QA pending
/de-at/community.html,community,reader / curator,"How do photography, teaching, exhibitions and community work connect?",Gemeinschaft & Lehre,"Be Smart Kids Club | Benefizaktionen, die echte Dinge repariert haben | VIPACH — Vienna Photo Art & Creative Hub | Ungarische Schule Wien — Fotografieprogramm | Kunst zum Mitnehmen | Rege Galerie, Tihany | Ausstellungen, die ich für andere kuratiert habe | Fünfzehn Jahre Wohltätigkeit","VIPACH — Vienna Photo Art & Creative Hub https://www.vipach.at/ | ORF Volksgruppen https://volksgruppen.orf.at/magyarok/stories/3300070/ | Rege Galerie, Tihany https://www.regegaleria.hu",,3,"All dated archive records, works, provenance and existing source relationships",Heading hierarchy and external-source presentation,None without record-specific evidence,Named project press links when supported by the existing source registry,"Preserve canonical, hreflang, metadata and record identity",Do not invent events or source relationships,Competing source/artifact geometry; oversized shared heading caps,Committed geometry; bounded shared type; consistent external indicators; Rege/VIPACH/ORF destination parity restored,Source and translation audit completed; 12-width rendered QA pending
/de-at/writing.html,writing,reader / curator,Where can I read the artist’s published writing and documented OM SYSTEM context?,"Publikationen, Lehre und die OM-SYSTEM-Jahre",The Japan Times / Bridges — Reveal your artistic side | Fachartikel | Mitgliedschaften & künstlerische Zugehörigkeiten,"The Japan Times / Bridges https://sms-bridges.com/reveal-your-artistic-side/ | OM SYSTEM Ambassadors https://www.milcclub.com/ambassadors | OM SYSTEM (Olympus) — official brand ambassador, Hungary https://www.milcclub.com/ambassadors | Pannon Fényképészkör Egyesület — honorary member https://fenykepeszkor.hu/ | WKO Wien · Landesinnung der Berufsfotografen — Berufsmitgliedschaft von Banhalmi Norbert e.U. https://firmen.wko.at/norbert-banhalmi-visuelle-strategische-partnerschaft-f%C3%BCr-f%C3%BChrungskr%C3%A4fte/wien/?firmaid=12bd142c-5fcf-4457-9a90-47fbff162b40 | AmCham Austria — Organisationsmitgliedschaft von Banhalmi Norbert e.U. https://amcham.at/members-list/yearbook-2026/#members | Magyar Fotóművészek Világszövetsége (MFVSZ) https://www.mfvsz.com/hu/tagsag/ | Budapest Artineris — akzeptierter Künstlerteilnehmer / Künstlerprofil https://budapest.artineris.com/en/artists/?codice=FMRAXT",,8,"All dated archive records, works, provenance and existing source relationships",Heading hierarchy and external-source presentation,None without record-specific evidence,Named project press links when supported by the existing source registry,"Preserve canonical, hreflang, metadata and record identity",Do not invent events or source relationships,Competing source/artifact geometry; oversized shared heading caps,Committed geometry; bounded shared type; consistent external indicators,Source and translation audit completed; 12-width rendered QA pending
/de-at/exhibitions/fotokiallitas1.html,exhibition,reader / curator,"Echte Frauen — 30+1 Porträts natürlicher Schönheit: what was shown, where, when, and what survives in the archive?",Echte Frauen — 30+1 Porträts natürlicher Schönheit,"Werke aus der Ausstellung | Wie es mit dem übrigen Werk verbunden ist | Institutionen, Bücher und Ausstellungen",Making-of https://youtu.be/3jmljUgMxSk,,1,"All dated archive records, works, provenance and existing source relationships",Heading hierarchy and external-source presentation,None without record-specific evidence,Named project press links when supported by the existing source registry,"Preserve canonical, hreflang, metadata and record identity",Do not invent events or source relationships,Competing source/artifact geometry; oversized shared heading caps,Committed geometry; bounded shared type; consistent external indicators,Source and translation audit completed; 12-width rendered QA pending
/de-at/exhibitions/fotokiallitas2.html,exhibition,reader / curator,"Jene alten koketten Zeiten — Pin-up rehabilitiert: what was shown, where, when, and what survives in the archive?",Jene alten koketten Zeiten — Pin-up rehabilitiert,"Werke aus der Ausstellung | Wie es mit dem übrigen Werk verbunden ist | Institutionen, Bücher und Ausstellungen",Making-of https://youtu.be/emvkvn4kKr8,,1,"All dated archive records, works, provenance and existing source relationships",Heading hierarchy and external-source presentation,None without record-specific evidence,Named project press links when supported by the existing source registry,"Preserve canonical, hreflang, metadata and record identity",Do not invent events or source relationships,Competing source/artifact geometry; oversized shared heading caps,Committed geometry; bounded shared type; consistent external indicators,Source and translation audit completed; 12-width rendered QA pending
/de-at/exhibitions/fotokiallitas3.html,exhibition,reader / curator,"Ungarische Frauen in New York: what was shown, where, when, and what survives in the archive?",Ungarische Frauen in New York,"Werke aus der Ausstellung | Wie es mit dem übrigen Werk verbunden ist | Institutionen, Bücher und Ausstellungen",Making-of https://youtu.be/9SFMwYpgr8A | Reportage https://tinkmara.com/2014/12/14/magyar-nok-new-yorkban/,https://tinkmara.com/2014/12/14/magyar-nok-new-yorkban/,2,"All dated archive records, works, provenance and existing source relationships",Heading hierarchy and external-source presentation,None without record-specific evidence,Named project press links when supported by the existing source registry,"Preserve canonical, hreflang, metadata and record identity",Do not invent events or source relationships,Competing source/artifact geometry; oversized shared heading caps,Committed geometry; bounded shared type; consistent external indicators,Source and translation audit completed; 12-width rendered QA pending
/de-at/exhibitions/fotokiallitas4.html,exhibition,reader / curator,"Fünfzig Schattierungen der Frau: what was shown, where, when, and what survives in the archive?",Fünfzig Schattierungen der Frau,"Werke aus der Ausstellung | Wie es mit dem übrigen Werk verbunden ist | Institutionen, Bücher und Ausstellungen",riport film https://youtu.be/AfK29ELPWBY | Reportage https://nlc.hu/foto/20150306/a-no-otven-arnyalata-foto/,https://nlc.hu/foto/20150306/a-no-otven-arnyalata-foto/,2,"All dated archive records, works, provenance and existing source relationships",Heading hierarchy and external-source presentation,None without record-specific evidence,Named project press links when supported by the existing source registry,"Preserve canonical, hreflang, metadata and record identity",Do not invent events or source relationships,Competing source/artifact geometry; oversized shared heading caps,Committed geometry; bounded shared type; consistent external indicators,Source and translation audit completed; 12-width rendered QA pending
/de-at/exhibitions/fotokiallitas5.html,exhibition,reader / curator,"Ich wurde Vater: what was shown, where, when, and what survives in the archive?",Ich wurde Vater,"Werke aus der Ausstellung | Wie es mit dem übrigen Werk verbunden ist | Institutionen, Bücher und Ausstellungen",Videobericht https://youtu.be/dDfbT7JlDi4 | Reportage https://5bfb58f7-cf3f-4eee-acbd-b8fcac6b217b.filesusr.com/ugd/b0aee1_e27c93f6e7874e48a350b796c2db0d70.pdf,,2,"All dated archive records, works, provenance and existing source relationships",Heading hierarchy and external-source presentation,None without record-specific evidence,Named project press links when supported by the existing source registry,"Preserve canonical, hreflang, metadata and record identity",Do not invent events or source relationships,Competing source/artifact geometry; oversized shared heading caps,Committed geometry; bounded shared type; consistent external indicators,Source and translation audit completed; 12-width rendered QA pending
/de-at/exhibitions/merfoldkovek1956.html,exhibition,reader / curator,"Meilensteine ’56: what was shown, where, when, and what survives in the archive?",Meilensteine ’56,"Was nehmen Menschen mit, wenn sie ihr Land verlassen — in ihren Taschen und in ihrer Erinnerung? | Wer die Ausstellung zusammenstellte und wann sie zu sehen war | Werke aus der Ausstellung |  | Wie es mit dem übrigen Werk verbunden ist | Menschliche Geschichten und historisches Gedächtnis | Direkt mit diesem Kapitel verbundene Quellen",Ausstellungseröffnung https://youtu.be/LT3W4Ck7Fbg | Videobericht 1 https://youtu.be/Q9vXitVpo7Y | Projektvorstellung https://magyarforradalom1956.hu/aktualitasok/hirek/v/merfoldkovek--56-os-portrekepekbol-rendeztek-kiallitast-new-yorkban/ | Videobericht 2 https://youtu.be/u21fKNfJguA | Videobericht 3 https://youtu.be/8w3biR5ejhM | Kritik https://kanadaihirlap.com/2016/10/25/lovas-gyorgy-56-os-gyilkossagaival-dicsekszik/ | Pressebericht 1 https://mandiner.hu/kultura/2016/10/papp-laszlo-1956-interju-epiteszet-forradalom | Pressebericht 2 https://www.hungaryfoundation.org/milestones-hungarian-house-ny/ | Meilensteine ’56 in New York  Unabhängige oder institutionelle Quelle https://www.magyarforradalom1956.hu/v/merfoldkovek--56-os-portrekepekbol-rendeztek-kiallitast-new-yorkban/,,9,"All dated archive records, works, provenance and existing source relationships",Heading hierarchy and external-source presentation,None without record-specific evidence,Named project press links when supported by the existing source registry,"Preserve canonical, hreflang, metadata and record identity",Do not invent events or source relationships,Competing source/artifact geometry; oversized shared heading caps,Committed geometry; bounded shared type; consistent external indicators,Source and translation audit completed; 12-width rendered QA pending
/de-at/exhibitions/szosszenetek.html,exhibition,reader / curator,"Schnipsel: what was shown, where, when, and what survives in the archive?",Schnipsel,Werke aus der Ausstellung | Wie es mit dem übrigen Werk verbunden ist | Der Körper als Erinnerung und Genesung | Direkt mit diesem Kapitel verbundene Quellen,Making-of https://www.youtube.com/watch?v=3e4kUT4n-bo,https://www.youtube.com/watch?v=3e4kUT4n-bo,1,"All dated archive records, works, provenance and existing source relationships",Heading hierarchy and external-source presentation,None without record-specific evidence,Named project press links when supported by the existing source registry,"Preserve canonical, hreflang, metadata and record identity",Do not invent events or source relationships,Competing source/artifact geometry; oversized shared heading caps,Committed geometry; bounded shared type; consistent external indicators,Source and translation audit completed; 12-width rendered QA pending
/de-at/exhibitions/ebredes.html,exhibition,reader / curator,"Erwachen — Der neue Anfang: what was shown, where, when, and what survives in the archive?",Erwachen — Der neue Anfang,Was geschieht mit dem Körper und dem Selbstbild eines Menschen nach einer schweren Krankheit? | Werke aus der Ausstellung | Wie es mit dem übrigen Werk verbunden ist | Der Körper als Erinnerung und Genesung | Direkt mit diesem Kapitel verbundene Quellen,"Videobericht https://youtu.be/XI5WavAwFOY | Ausstellungseröffnung https://www.youtube.com/playlist?list=PLwsdxt-KFeDhA24FWl5IOWV6WRj8uFtfA | Die Anfänge https://youtu.be/beVLw0zzKNM | Gedichte https://youtu.be/9Yh-yyxt14I | Making-of https://youtu.be/i8v_7xEp_go | Reportage https://she.life.hu/herself/2017/05/rak-betegseg-megelese-kiallitas-ebredes-az-uj-kezdet-emberi-tortenetek | Reportage 2 https://she.life.hu/nofilter/2017/05/ebredes-nok-rak-aktfotozas-szex-tabu-tema-fotokiallitas-banhalmi-norbert | Reportage 3 https://she.life.hu/nofilter/2017/04/ebredes-rak-nok-akt-banhalmi-norbert-foto-kiallitas | Interview https://she.life.hu/nofilter/2017/03/banhalmi-norbert-profi-fotos-interju-modell-belso-szepseg-szepnek-latni-magad | Videobericht 2 https://youtu.be/rkSlrX6kEyg | Pressebericht https://femina.hu/szepseg/ebredes-az-uj-kezdet-kiallitas/ | Reportage 4 https://5bfb58f7-cf3f-4eee-acbd-b8fcac6b217b.filesusr.com/ugd/b0aee1_e8887418b04442f08558cb9bdc9bfb29.pdf | Der Mann, der dein Äußeres betrachtet, aber deine Seele sieht  Unabhängige oder institutionelle Quelle https://she.life.hu/nofilter/2017/03/banhalmi-norbert-profi-fotos-interju-modell-belso-szepseg-szepnek-latni-magad | Mein erstes und letztes Aktshooting  Unabhängige oder institutionelle Quelle https://she.life.hu/nofilter/20170413-aktfotozas-elmeny-onbizalom-mellrak-tulelo-melleltavolito-mutet.html | Dauerausstellung im Onkologischen Zentrum  Unabhängige oder institutionelle Quelle https://www.veol.hu/vezeto-hirek/2018/03/csolnoky-ferenc-korhaz-onkologiai-centrum-rak-kiallitas | Erwachen – der Neubeginn! Ausstellungsinterview  Bewegtbilddokument https://youtu.be/XI5WavAwFOY",https://www.youtube.com/playlist?list=PLwsdxt-KFeDhA24FWl5IOWV6WRj8uFtfA,16,"All dated archive records, works, provenance and existing source relationships",Heading hierarchy and external-source presentation,None without record-specific evidence,Named project press links when supported by the existing source registry,"Preserve canonical, hreflang, metadata and record identity",Do not invent events or source relationships,Competing source/artifact geometry; oversized shared heading caps,Committed geometry; bounded shared type; consistent external indicators,Source and translation audit completed; 12-width rendered QA pending
/de-at/exhibitions/anovilaga.html,exhibition,reader / curator,"Die Welt der Frau: what was shown, where, when, and what survives in the archive?",Die Welt der Frau,"Warum erwarten wir, dass derselbe Mensch mit zwanzig, vierzig und siebzig demselben Ideal entspricht? | Werke aus der Ausstellung | Frauengeschichten zur Ausstellung und zum Buch | Wie es mit dem übrigen Werk verbunden ist | Körper, Identität und Wendepunkte | Direkt mit diesem Kapitel verbundene Quellen",Videobericht https://youtu.be/cuPzuMSXxMc | Videobericht 2 https://youtu.be/5ylseh-rduo | beszámoló https://she.life.hu/herself/2018/05/a-rendorsegi-fogdan-ert-veget-a-szerelmunk-banhalmi-norbert | Geschichten von Frauen im BANHALMI Blog lesen https://blog.banhalmi.art/de/blog/categories/geschichten-von-frauen | Die Welt der Frau  Bewegtbilddokument https://www.youtube.com/watch?v=cuPzuMSXxMc,https://www.youtube.com/watch?v=cuPzuMSXxMc,5,"All dated archive records, works, provenance and existing source relationships",Heading hierarchy and external-source presentation,None without record-specific evidence,Named project press links when supported by the existing source registry,"Preserve canonical, hreflang, metadata and record identity",Do not invent events or source relationships,Competing source/artifact geometry; oversized shared heading caps,Committed geometry; bounded shared type; consistent external indicators,Source and translation audit completed; 12-width rendered QA pending
/de-at/exhibitions/balerina-project-new-york.html,exhibition,reader / curator,"Ballerina Project New York — Strut Your Stuff: what was shown, where, when, and what survives in the archive?",Ballerina Project New York — Strut Your Stuff,"Werke aus der Ausstellung | Wie es mit dem übrigen Werk verbunden ist | Institutionen, Bücher und Ausstellungen",Making-of https://youtu.be/0-snau_-Rlo,,1,"All dated archive records, works, provenance and existing source relationships",Heading hierarchy and external-source presentation,None without record-specific evidence,Named project press links when supported by the existing source registry,"Preserve canonical, hreflang, metadata and record identity",Do not invent events or source relationships,Competing source/artifact geometry; oversized shared heading caps,Committed geometry; bounded shared type; consistent external indicators,Source and translation audit completed; 12-width rendered QA pending
/de-at/exhibitions/fotokiallitas8.html,exhibition,reader / curator,"Zeitgenössische Künstler des Komitats Pest: what was shown, where, when, and what survives in the archive?",Zeitgenössische Künstler des Komitats Pest,"Werke aus der Ausstellung | Wie es mit dem übrigen Werk verbunden ist | Institutionen, Bücher und Ausstellungen",,,0,"All dated archive records, works, provenance and existing source relationships",Heading hierarchy and external-source presentation,None without record-specific evidence,Named project press links when supported by the existing source registry,"Preserve canonical, hreflang, metadata and record identity",Do not invent events or source relationships,Competing source/artifact geometry; oversized shared heading caps,Committed geometry; bounded shared type; consistent external indicators,Source and translation audit completed; 12-width rendered QA pending
/de-at/exhibitions/theframe.html,exhibition,reader / curator,"The Frame — 20 Jahre: what was shown, where, when, and what survives in the archive?",The Frame — 20 Jahre,"Werke aus der Ausstellung | Wie es mit dem übrigen Werk verbunden ist | Institutionen, Bücher und Ausstellungen",Videobericht https://youtu.be/xmZXqdL82-U | Ankündigung https://www.milcclub.com/theframe-media,,2,"All dated archive records, works, provenance and existing source relationships",Heading hierarchy and external-source presentation,None without record-specific evidence,Named project press links when supported by the existing source registry,"Preserve canonical, hreflang, metadata and record identity",Do not invent events or source relationships,Competing source/artifact geometry; oversized shared heading caps,Committed geometry; bounded shared type; consistent external indicators,Source and translation audit completed; 12-width rendered QA pending
/de-at/exhibitions/teislehetsz.html,exhibition,reader / curator,"Auch du kannst es werden…: what was shown, where, when, and what survives in the archive?",Auch du kannst es werden…,"Werke aus der Ausstellung | Wie es mit dem übrigen Werk verbunden ist | Institutionen, Bücher und Ausstellungen",video riport https://youtu.be/cCylPUNJbzU,,1,"All dated archive records, works, provenance and existing source relationships",Heading hierarchy and external-source presentation,None without record-specific evidence,Named project press links when supported by the existing source registry,"Preserve canonical, hreflang, metadata and record identity",Do not invent events or source relationships,Competing source/artifact geometry; oversized shared heading caps,Committed geometry; bounded shared type; consistent external indicators,Source and translation audit completed; 12-width rendered QA pending
/de-at/exhibitions/themensdream.html,exhibition,reader / curator,What was the 2022 NFT project and what does independent coverage support?,The Men’s Dream — Die Genesis der Schönheit,"Werke aus der Ausstellung | Wie es mit dem übrigen Werk verbunden ist | Institutionen, Bücher und Ausstellungen",Making-of https://youtu.be/8mopSA5P-fs | New York Today — NFT-Launch & Wohltätigkeitsauktion https://www.thenewyorktoday.com/young-hungarian-startup-reveals-its-unique-vision-at-exclusive-nft-party/ | BitcoinBázis — Fine-Art-Aktfotografie in der NFT-Welt https://www.bitcoinbazis.hu/a-magyar-fotomuvesz-aki-az-aktfotokat-az-nft-k-vilagaba-invitalta/ | podcast 1 https://youtu.be/Qx5GJ5LRpDc?si=o_6STSDT87_f9JFG | podcast 2 https://youtu.be/k4aVodT_ARk?si=IsS1hIT3-3KS-GVD,https://www.thenewyorktoday.com/young-hungarian-startup-reveals-its-unique-vision-at-exclusive-nft-party/ | https://www.bitcoinbazis.hu/a-magyar-fotomuvesz-aki-az-aktfotokat-az-nft-k-vilagaba-invitalta/,5,18 archived works; New York context; New York Today and BitcoinBázis source links; no national-firstness claim,Heading hierarchy and external-source presentation,None without record-specific evidence,Named project press links when supported by the existing source registry,"Preserve canonical, hreflang, metadata and record identity",Do not invent events or source relationships,Competing source/artifact geometry; oversized shared heading caps,Committed geometry; bounded shared type; consistent external indicators,Source and translation audit completed; 12-width rendered QA pending
/de-at/exhibitions/avalosag.html,exhibition,reader / curator,"Die falschen Gesichter der Wirklichkeit / Die Lügen des Internets: what was shown, where, when, and what survives in the archive?",Die falschen Gesichter der Wirklichkeit / Die Lügen des Internets,"Werke aus der Ausstellung | Wie es mit dem übrigen Werk verbunden ist | Institutionen, Bücher und Ausstellungen","Pressebericht https://vehir.hu/cikk/70153-a-muveszet-segitsegevel-leplezik-le-az-ai-hazugsagait | Pressebericht 2 https://veszpremkukac.hu/kiallitas-az-internet-hazugsagai/ | Pressebericht 3 https://likebalaton.hu/telepules/siofok_sosto_szabadifurdo_balatonszeplak/hireink/balatoni-programok-az-augusztus-26-27-i-hetvegere-290418/ | Pressebericht 4 https://www.teol.hu/helyi-eletstilus/2023/08/a-nyar-utolso-vasarnapja-is-tartogat-meg-programokat-a-balatonon | Studie, S. 81 https://jogtudo.uni-miskolc.hu/files/25467/7_Tukacs_Sapi_final.pdf",,5,"All dated archive records, works, provenance and existing source relationships",Heading hierarchy and external-source presentation,None without record-specific evidence,Named project press links when supported by the existing source registry,"Preserve canonical, hreflang, metadata and record identity",Do not invent events or source relationships,Competing source/artifact geometry; oversized shared heading caps,Committed geometry; bounded shared type; consistent external indicators,Source and translation audit completed; 12-width rendered QA pending
/de-at/exhibitions/touch-wien.html,exhibition,reader / curator,"Touch Wien & Touch München: what was shown, where, when, and what survives in the archive?",Touch Wien & Touch München,"Lassen sich Körper und Berührung fotografieren, ohne einen Menschen zum Objekt zu machen? | Werke aus der Ausstellung | Wie es mit dem übrigen Werk verbunden ist | Institutionen, Bücher und Ausstellungen",Making-of Wien https://video.wixstatic.com/video/b0aee1_9386523e7a124ca3837e8450ab1d82d4/1080p/mp4/file.mp4 | Making-of München https://video.wixstatic.com/video/b0aee1_dae3edb80b164c21a16f1fde35d0ea3d/1080p/mp4/file.mp4 | Making-of https://video.wixstatic.com/video/b0aee1_d01811daaa294f67a4c2a9ff3cffb179/1080p/mp4/file.mp4 | Ankündigung https://everness.hu/fesztival/programok/programok/intim-masszazs-egy-fotos-szemszogebol,,4,"All dated archive records, works, provenance and existing source relationships",Heading hierarchy and external-source presentation,None without record-specific evidence,Named project press links when supported by the existing source registry,"Preserve canonical, hreflang, metadata and record identity",Do not invent events or source relationships,Competing source/artifact geometry; oversized shared heading caps,Committed geometry; bounded shared type; consistent external indicators,Source and translation audit completed; 12-width rendered QA pending
/de-at/exhibitions/enano.html,exhibition,reader / curator,"Ich bin die Frau: what was shown, where, when, and what survives in the archive?",Ich bin die Frau,"Werke aus der Ausstellung | Wie es mit dem übrigen Werk verbunden ist | Institutionen, Bücher und Ausstellungen",Making-of https://youtu.be/KAhKsLnSO_c,,1,"All dated archive records, works, provenance and existing source relationships",Heading hierarchy and external-source presentation,None without record-specific evidence,Named project press links when supported by the existing source registry,"Preserve canonical, hreflang, metadata and record identity",Do not invent events or source relationships,Competing source/artifact geometry; oversized shared heading caps,Committed geometry; bounded shared type; consistent external indicators,Source and translation audit completed; 12-width rendered QA pending
/de-at/exhibitions/femmefatale.html,exhibition,reader / curator,"Femme Fatale: what was shown, where, when, and what survives in the archive?",Femme Fatale,"Werke aus der Ausstellung | Wie es mit dem übrigen Werk verbunden ist | Institutionen, Bücher und Ausstellungen",,,0,"All dated archive records, works, provenance and existing source relationships",Heading hierarchy and external-source presentation,None without record-specific evidence,Named project press links when supported by the existing source registry,"Preserve canonical, hreflang, metadata and record identity",Do not invent events or source relationships,Competing source/artifact geometry; oversized shared heading caps,Committed geometry; bounded shared type; consistent external indicators,Source and translation audit completed; 12-width rendered QA pending
/de-at/exhibitions/mas-kepp-mas.html,exhibition,reader / curator,"Anderes Bild / Anders: what was shown, where, when, and what survives in the archive?",Anderes Bild / Anders,"Werke aus der Ausstellung | Wie es mit dem übrigen Werk verbunden ist | Institutionen, Bücher und Ausstellungen",Reportage https://vehir.hu/cikk/76376-mindenki-maskeppen-mas,,1,"All dated archive records, works, provenance and existing source relationships",Heading hierarchy and external-source presentation,None without record-specific evidence,Named project press links when supported by the existing source registry,"Preserve canonical, hreflang, metadata and record identity",Do not invent events or source relationships,Competing source/artifact geometry; oversized shared heading caps,Committed geometry; bounded shared type; consistent external indicators,Source and translation audit completed; 12-width rendered QA pending
/de-at/exhibitions/euforia.html,exhibition,reader / curator,"What is the developing project, which works exist, and how is each portrait documented?",EUFÓRIA — Die Anatomie der Gegenwart,"Was ist EUFÓRIA? | Péter Magyar — Heldenplatz, Budapest, 15. März 2026, 16:57 | Das Nachleben eines einzigen Bildes | Porträt von Péter Magyar — Urheberschaft, Provenienz und dokumentierte Verbreitung | Wohin das Bild reiste | Direkt mit diesem Kapitel verbundene Quellen | Ein Porträt außerhalb der Kontrolle seines Urhebers | Azahriah — Heldenplatz, Budapest, 10. April 2026 | Wie es mit dem übrigen Werk verbunden ist | Öffentliche und führungsbezogene Präsenz","Laufend aktualisierte Galerie — Flickr https://www.flickr.com/photos/vipach/albums/72177720332618686 | Wikimedia Commons ↗ https://commons.wikimedia.org/wiki/File:Peter-Magyar-portrait-2026.jpg | Wikimedia Commons https://commons.wikimedia.org/wiki/File:Peter-Magyar-portrait-2026.jpg | Flickr https://www.flickr.com/photos/vipach/55157248453/in/album-72177720332618686 | Globale Nutzungsstatistik https://commons.wikimedia.org/wiki/Special:GlobalUsage/Peter-Magyar-portrait-2026.jpg | Wikimedia-Commons-Provenienz https://commons.wikimedia.org/wiki/File:Peter-Magyar-portrait-2026.jpg | Wikidata-Personeneintrag https://www.wikidata.org/wiki/Q124488292 | Die Weltwoche — „Ein talentierter Schlawiner“ (09.04.2026) https://weltwoche.ch/story/ein-talentierter-schlawiner | The Hungary Report — Opinion: The End of the Strongman Spell (30.03.2026) https://www.thehungaryreport.com/p/opinion-the-end-of-the-strongman | American Thinker — kritischer Kommentar (27.03.2026) https://www.americanthinker.com/articles/2026/03/peter_magyar_globalists_chosen_puppet_in_the_assault_on_trump_s_strongest_european_ally.html | SOTA — Bericht auf Russisch (13.04.2026) https://sotaproject.com/news/111746 | The Brussels Times https://www.brusselstimes.com/2148257/prime-minister-magyar-stops-hungarys-withdrawal-from-the-icc | Eastern Herald https://easternherald.com/2026/06/10/hungary-anti-corruption-bill-eu-funds-magyar/ | Spectre Journal — The Hungarian Spring https://spectrejournal.com/the-hungarian-spring/ | Politics UK — A new dawn for Hungary https://politicsuk.com/news/a-new-dawn-for-hungary-the-election-that-ended-the-16-year-orban-era/ | Kiskegyed — die Geschichte des Bildes (25.05.2026) https://www.kiskegyed.hu/nepszeru/kulfoldon-is-hatalmasat-ment-a-magyar-peterrol-keszult-foto/gqlpkqw | Rólunk.at — Interview über die Motivation (10.06.2026) https://rolunk.at/aktualis/a-fiataloknak-ma-mar-bizonyitek-kell-egy-becsi-kreativ-kozosseg-uj-generaciot-epit/ | Porträt von Péter Magyar – Wikimedia-Commons-Datensatz  Unabhängige oder institutionelle Quelle https://commons.wikimedia.org/wiki/File:Peter-Magyar-portrait-2026.jpg | Kanonischer Eintrag auf Wikimedia Commons https://commons.wikimedia.org/wiki/File:Azahriah,_Rendszerbont%C3%B3_Nagykoncert._2026.04.10._Budapest,_Hero_square.jpg | Englische Wikipedia https://en.wikipedia.org/wiki/Azahriah | Volapük-Wikipedia https://vo.wikipedia.org/wiki/Azahriah | Wikidata Q109626459 https://www.wikidata.org/wiki/Q109626459",,22,2026 start; target twenty works; two documented works; candidate statuses; no confirmed venue/date; separate Péter Magyar and Azahriah provenance,Shared headings and long quotation measure; retain contextual disclosures,None without record-specific evidence,"No new political, commission or affiliation claims","Preserve canonical, hreflang, metadata and record identity",Do not invent events or source relationships,Competing source/artifact geometry; oversized shared heading caps,Committed geometry; bounded shared type; consistent external indicators,Source and translation audit completed; 12-width rendered QA pending
/de-at/books/book-ebredes.html,book,reader / curator,What is Erwachen: Der neue Anfang! and where can I find its context?,Erwachen: Der neue Anfang!,Wie es mit dem übrigen Werk verbunden ist | Der Körper als Erinnerung und Genesung | Direkt mit diesem Kapitel verbundene Quellen,"Der Mann, der dein Äußeres betrachtet, aber deine Seele sieht  Unabhängige oder institutionelle Quelle https://she.life.hu/nofilter/2017/03/banhalmi-norbert-profi-fotos-interju-modell-belso-szepseg-szepnek-latni-magad | Mein erstes und letztes Aktshooting  Unabhängige oder institutionelle Quelle https://she.life.hu/nofilter/20170413-aktfotozas-elmeny-onbizalom-mellrak-tulelo-melleltavolito-mutet.html | Dauerausstellung im Onkologischen Zentrum  Unabhängige oder institutionelle Quelle https://www.veol.hu/vezeto-hirek/2018/03/csolnoky-ferenc-korhaz-onkologiai-centrum-rak-kiallitas | Erwachen – der Neubeginn! Ausstellungsinterview  Bewegtbilddokument https://youtu.be/XI5WavAwFOY",,4,"All dated archive records, works, provenance and existing source relationships",Heading hierarchy and external-source presentation,None without record-specific evidence,Named project press links when supported by the existing source registry,"Preserve canonical, hreflang, metadata and record identity",Do not invent events or source relationships,Competing source/artifact geometry; oversized shared heading caps,Committed geometry; bounded shared type; consistent external indicators,Source and translation audit completed; 12-width rendered QA pending
/de-at/books/book-szosszenetek.html,book,reader / curator,What is Schnipsel and where can I find its context?,Schnipsel,Wie es mit dem übrigen Werk verbunden ist | Der Körper als Erinnerung und Genesung | Direkt mit diesem Kapitel verbundene Quellen,,,0,"All dated archive records, works, provenance and existing source relationships",Heading hierarchy and external-source presentation,None without record-specific evidence,Named project press links when supported by the existing source registry,"Preserve canonical, hreflang, metadata and record identity",Do not invent events or source relationships,Competing source/artifact geometry; oversized shared heading caps,Committed geometry; bounded shared type; consistent external indicators,Source and translation audit completed; 12-width rendered QA pending
/de-at/books/book-anovilaga.html,book,reader / curator,What is Die Welt der Frau and where can I find its context?,Die Welt der Frau,"Begleitgeschichten zu  A nő világa | Wie es mit dem übrigen Werk verbunden ist | Körper, Identität und Wendepunkte | Direkt mit diesem Kapitel verbundene Quellen",Die Begleitgeschichten im BANHALMI ART Blog lesen https://blog.banhalmi.art/de/blog/categories/geschichten-von-frauen | Die Welt der Frau  Bewegtbilddokument https://www.youtube.com/watch?v=cuPzuMSXxMc,https://www.youtube.com/watch?v=cuPzuMSXxMc,2,"All dated archive records, works, provenance and existing source relationships",Heading hierarchy and external-source presentation,None without record-specific evidence,Named project press links when supported by the existing source registry,"Preserve canonical, hreflang, metadata and record identity",Do not invent events or source relationships,Competing source/artifact geometry; oversized shared heading caps,Committed geometry; bounded shared type; consistent external indicators,Source and translation audit completed; 12-width rendered QA pending
/hu/,home,curator / reader,"Who is the artist, what is the work, and where should I start?",BANHALMI,"Mikor tűnik el a szerep, és marad ott az ember? | A kedvenceim az archívumból | A jelenlét nyomában | Hogyan épült fel | Három könyv, három közös munka | A munkák nyilvános története | Megkeresések és együttműködések | Az életmű ellenőrizhető forrásai","Szolgáltatások https://www.norbertbanhalmi.com/hu/#services | Instagram · @norbert.banhalmi https://www.instagram.com/norbert.banhalmi/ | Print, publikáció vagy kiállítási felhasználás → https://www.norbertbanhalmi.com/hu/kapcsolat/ | Turul-díj https://www.fotozasturul.eu/profile-64-banhalmi-norbert-executive-portre-es-muveszeti-fotografia | Magyarország TOP100 https://www.top100ofhungary.eu/company/197578/banhalmi-norbert-executive-portre-es-muveszeti-fotografia | Ellenőrzött életrajz — Wikipédia https://hu.wikipedia.org/wiki/B%C3%A1nhalmi_Norbert | Médiaállományok — Wikimedia Commons https://commons.wikimedia.org/wiki/Special:MediaSearch?type=image&search=Norbert%20Banhalmi | Lágymányosi u. 15. https://www.google.com/maps/search/?api=1&query=L%C3%A1gym%C3%A1nyosi%20u.%2015%2C%201111%20Budapest%2C%20Hungary | Budapesti stúdió megnyitása a Google Térképen → https://www.google.com/maps/search/?api=1&query=L%C3%A1gym%C3%A1nyosi%20u.%2015%2C%201111%20Budapest%2C%20Hungary | Schwedenplatz 2. https://www.google.com/maps/search/?api=1&query=Schwedenplatz%202%2C%201010%20Vienna%2C%20Austria | Bécsi stúdió megnyitása a Google Térképen → https://www.google.com/maps/search/?api=1&query=Schwedenplatz%202%2C%201010%20Vienna%2C%20Austria | Professzionális szolgáltatások → https://www.norbertbanhalmi.com/hu/#services | Wikipédia  Független életrajzi összefoglaló https://hu.wikipedia.org/wiki/B%C3%A1nhalmi_Norbert | Wikidata  Géppel olvasható életrajzi adatlap https://www.wikidata.org/wiki/Q56391118 | Wikimedia Commons  Hivatkozható vizuális dokumentáció https://commons.wikimedia.org/wiki/Special:MediaSearch?type=image&search=Norbert%20Banhalmi | YouTube  Interjúk, riportok és mozgóképes dokumentáció https://www.youtube.com/@norbert.banhalmi/playlists",https://www.youtube.com/@norbert.banhalmi/playlists,16,"Selected photographs, artistic position, dated exhibitions, books, curatorial entry, discreet Professional bridge",Heading hierarchy and external-source presentation,None without record-specific evidence,Named project press links when supported by the existing source registry,"Preserve canonical, hreflang, metadata and record identity",Do not invent events or source relationships,Competing source/artifact geometry; oversized shared heading caps,Committed geometry; bounded shared type; consistent external indicators,Source and translation audit completed; 12-width rendered QA pending
/hu/press.html,press,curator / reader,What has been independently published about the work?,"Cikkek, interjúk és televíziós beszélgetések","Válasszon időszakot, vagy haladjon végig a teljes archívumon | A pillanat felismerése | A test mint emlékezet | Jelenlét a művészet és az intézmények között | Közösség, felelősség és nyilvános jelenlét | A hang a fényképek mögött | Az életmű ellenőrizhető forráshálója","Mindennap Könyv · A nő világa · 2018 https://mindennapkonyv.hu/mindennapi/olvastuk/a-noi-let-kilenc-fordulopontja-banhalmi-norbert-a-no-vilaga | BitcoinBázis · The Men’s Dream · 2022 https://www.bitcoinbazis.hu/a-magyar-fotomuvesz-aki-az-aktfotokat-az-nft-k-vilagaba-invitalta/ | Rólunk.at · Bécs, közösség és alkotói munka · 2025 https://rolunk.at/magazin/a-lehetetlen-csupan-egy-szo/ | Magyar Nők New Yorkban https://tinkmara.com/2014/12/14/magyar-nok-new-yorkban/ | A Nő 50 árnyalata https://nlc.hu/foto/20150306/a-no-otven-arnyalata-foto/ | Apának lenni jó – mesélnek a fotók https://web.archive.org/web/20180424135310/http://csalad.hu/2016/06/07/apanak-lenni-jo-meselnek-a-fotok | Mérföldkövek – ’56-os portrék New Yorkban https://www.magyarforradalom1956.hu/v/merfoldkovek--56-os-portrekepekbol-rendeztek-kiallitast-new-yorkban/ | ’56 az új Kánaánban – Papp László portréja https://mandiner.hu/kultura/2016/10/papp-laszlo-1956-interju-epiteszet-forradalom | A férfi, aki a külsődet nézi, de a lelkedet látja https://she.life.hu/nofilter/2017/03/banhalmi-norbert-profi-fotos-interju-modell-belso-szepseg-szepnek-latni-magad | Az első és utolsó aktfotózásom https://she.life.hu/nofilter/20170413-aktfotozas-elmeny-onbizalom-mellrak-tulelo-melleltavolito-mutet.html | Állandó kiállítás az Onkológiai Centrumban https://www.veol.hu/vezeto-hirek/2018/03/csolnoky-ferenc-korhaz-onkologiai-centrum-rak-kiallitas | Művész az üzlet mögött I. – New York https://zarido.hu/muvesz-az-uzlet-mogott-1-resz/ | Művész az üzlet mögött II. – A női lélek https://zarido.hu/muvesz-az-uzlet-mogott-2-resz/ | Művész az üzlet mögött III. – A nagykövet https://zarido.hu/muvesz-az-uzlet-mogott-3-resz-a-nagykovet/ | Reveal Your Artistic Side https://sms-bridges.com/reveal-your-artistic-side/ | A nagy mentőakció – Művészet Elvitelre https://zarido.hu/a-nagy-mentoakcio-muveszet-elvitelre/ | Aktfotók az NFT világában https://www.bitcoinbazis.hu/a-magyar-fotomuvesz-aki-az-aktfotokat-az-nft-k-vilagaba-invitalta/ | Fotóklub Bécsben https://volksgruppen.orf.at/magyarok/stories/3300070/ | Egyéves a BMI Fotóklub https://rolunk.at/kultura/egyeves-a-bmi-fotoklub-hogyan-teremt-kozosseget-a-muveszet | A lehetetlen csupán egy szó https://rolunk.at/magazin/a-lehetetlen-csupan-egy-szo/ | Szeretném szebbé tenni az emberek életét https://www.kiskegyed.hu/kepernyo/sulyos-baleset-vilaghiru-magyar-fotomuvesz/1dl719d | Amikor a fotográfia közösséget teremt https://www.stihon.eu/2026/01/29/itt-a-3-lapszam/ | Magyar Péter portréja – EUFÓRIA https://commons.wikimedia.org/wiki/File:Peter-Magyar-portrait-2026.jpg | Ébredés – az Új kezdet! kiállításinterjú https://youtu.be/XI5WavAwFOY | Digitális fotókiállítás Tihanyban https://www.youtube.com/watch?v=cv4ylqkvNo4 | A portréfotózás és a mögötte rejlő pszichológia https://www.youtube.com/watch?v=Fv3J_l8Mp_I | Apa lettem https://www.youtube.com/watch?v=dDfbT7JlDi4 | A Nő világa https://www.youtube.com/watch?v=cuPzuMSXxMc | A Nő 50 árnyalata — kiállítási film https://www.youtube.com/watch?v=AfK29ELPWBY | Ébredés – az Új kezdet! — kiállítási interjú https://www.youtube.com/watch?v=rkSlrX6kEyg | Mérföldkövek ’56 — portrék és életutak https://www.youtube.com/watch?v=Q9vXitVpo7Y | A Hét Embere — beszélgetés Schmuck Andorral https://www.youtube.com/watch?v=zCHkRlv-ZB0 | Retusált címlapfotók és nem létező ideálok https://www.youtube.com/watch?v=nyKyRWrtn7Q | A IV. Budapesti Fotósviadal — beszámoló https://www.youtube.com/watch?v=ch66zZp4--w | Ébredés — húsz év művészi távlatából https://www.youtube.com/watch?v=npJ6YeYxQ64 | Minden, ami egy nővel megtörténhet — interjú https://www.youtube.com/watch?v=ZzZj0ompifI | Teljes YouTube lejátszási listák https://www.youtube.com/@norbert.banhalmi/playlists | Wikipédia  Életrajz, kiállítások, könyvek, sajtó és videók. https://hu.wikipedia.org/wiki/B%C3%A1nhalmi_Norbert | Wikidata  Bánhalmi Norbert géppel olvasható életrajzi adatlapja. https://www.wikidata.org/wiki/Q56391118 | Wikimedia Commons  Hivatkozható képek és médiaállományok. https://commons.wikimedia.org/wiki/Special:MediaSearch?type=image&search=Norbert%20Banhalmi | YouTube  Az életmű mozgóképes dokumentációja. https://www.youtube.com/@norbert.banhalmi/playlists",https://tinkmara.com/2014/12/14/magyar-nok-new-yorkban/ | https://nlc.hu/foto/20150306/a-no-otven-arnyalata-foto/ | https://www.bitcoinbazis.hu/a-magyar-fotomuvesz-aki-az-aktfotokat-az-nft-k-vilagaba-invitalta/ | https://www.youtube.com/watch?v=cv4ylqkvNo4 | https://www.youtube.com/watch?v=Fv3J_l8Mp_I | https://www.youtube.com/watch?v=dDfbT7JlDi4 | https://www.youtube.com/watch?v=cuPzuMSXxMc | https://www.youtube.com/watch?v=AfK29ELPWBY | https://www.youtube.com/watch?v=rkSlrX6kEyg | https://www.youtube.com/watch?v=Q9vXitVpo7Y | https://www.youtube.com/watch?v=zCHkRlv-ZB0 | https://www.youtube.com/watch?v=nyKyRWrtn7Q | https://www.youtube.com/watch?v=ch66zZp4--w | https://www.youtube.com/watch?v=npJ6YeYxQ64 | https://www.youtube.com/watch?v=ZzZj0ompifI | https://www.youtube.com/@norbert.banhalmi/playlists | https://www.youtube.com/@norbert.banhalmi/playlists,41,"All 35 press/moving-image archive entries, source types and matching schema list; independent sources distinguished from documentation",Heading hierarchy and external-source presentation,None without record-specific evidence,"Three selected source links with publisher, project context and year, before the complete 35-record archive","Preserve canonical, hreflang, metadata and record identity",Do not invent events or source relationships,Competing source/artifact geometry; oversized shared heading caps,Committed geometry; bounded shared type; consistent external indicators,Source and translation audit completed; 12-width rendered QA pending
/hu/curators.html,curators,curator / reader,"Which works, periods and sources support a curatorial reading?",Az ember a képek mögött,"A rövid változat | Útvonal az életműben | 1 · A fegyelemtől az emberi történetekig | 2 · Mérföldkövek ’56: személyes emlékek New Yorkból | 3 · A test mint csatatér és szentély: Ébredés | 4 · A női lét stációi: A Nő világa | 5 · A technológia mint alkotói eszköz | 6 · A szakrális intimitás felé: Touch | 7 · Miért lehet ez érdekes Önnek | Források és dokumentáció | Hogyan változott a munkám az évek során | Mikor lesz valaki igazán jelen a képen? | Hogyan dolgozom | Hogyan épült fel | Nagy felbontású fájlok, kiállítási dokumentáció és publikációs felhasználás.","Rege Galéria, Tihany https://www.regegaleria.hu | Wikipédia  Független életrajzi összefoglaló https://hu.wikipedia.org/wiki/B%C3%A1nhalmi_Norbert | Wikidata  Géppel olvasható életrajzi adatlap https://www.wikidata.org/wiki/Q56391118 | Wikimedia Commons  Hivatkozható vizuális dokumentáció https://commons.wikimedia.org/wiki/Special:MediaSearch?type=image&search=Norbert%20Banhalmi | YouTube  Interjúk, riportok és mozgóképes dokumentáció https://www.youtube.com/@norbert.banhalmi/playlists | Kapcsolat a stúdióval → https://www.norbertbanhalmi.com/hu/kapcsolat/",https://www.youtube.com/@norbert.banhalmi/playlists,6,"All dated archive records, works, provenance and existing source relationships",Heading hierarchy and external-source presentation,None without record-specific evidence,Named project press links when supported by the existing source registry,"Preserve canonical, hreflang, metadata and record identity",Do not invent events or source relationships,Competing source/artifact geometry; oversized shared heading caps,Committed geometry; bounded shared type; consistent external indicators,Source and translation audit completed; 12-width rendered QA pending
/hu/community.html,community,reader / curator,"How do photography, teaching, exhibitions and community work connect?",Közösség és oktatás,"Be Smart Kids Club | Jótékonysági portréprogramok | VIPACH — Vienna Photo Art & Creative Hub | Bécsi Magyar Iskola — fotós képzés | Művészet Elvitelre | Rege Galéria, Tihany | Kiállítások, amelyeknek én voltam a kurátora | Tizenöt év jótékonyság","VIPACH — Vienna Photo Art & Creative Hub https://www.vipach.at/ | ORF Volksgruppen https://volksgruppen.orf.at/magyarok/stories/3300070/ | Rege Galéria, Tihany https://www.regegaleria.hu",,3,"All dated archive records, works, provenance and existing source relationships",Heading hierarchy and external-source presentation,None without record-specific evidence,Named project press links when supported by the existing source registry,"Preserve canonical, hreflang, metadata and record identity",Do not invent events or source relationships,Competing source/artifact geometry; oversized shared heading caps,Committed geometry; bounded shared type; consistent external indicators; Rege/VIPACH/ORF destination parity restored,Source and translation audit completed; 12-width rendered QA pending
/hu/writing.html,writing,reader / curator,Where can I read the artist’s published writing and documented OM SYSTEM context?,"Publikációk, oktatás és az OM SYSTEM-évek",The Japan Times / Bridges — Reveal your artistic side | Szakcikkek | Tagságok és művészeti kapcsolódások,The Japan Times / Bridges https://sms-bridges.com/reveal-your-artistic-side/ | OM SYSTEM Ambassadors https://www.milcclub.com/ambassadors | OM SYSTEM (Olympus) — hivatalos magyarországi márkanagykövet https://www.milcclub.com/ambassadors | Pannon Fényképészkör Egyesület — tiszteletbeli tag https://fenykepeszkor.hu/ | WKO Wien · Landesinnung der Berufsfotografen — a Banhalmi Norbert e.U. szakmai tagsága https://firmen.wko.at/norbert-banhalmi-visuelle-strategische-partnerschaft-f%C3%BCr-f%C3%BChrungskr%C3%A4fte/wien/?firmaid=12bd142c-5fcf-4457-9a90-47fbff162b40 | AmCham Austria — a Banhalmi Norbert e.U. szervezeti tagsága https://amcham.at/members-list/yearbook-2026/#members | Magyar Fotóművészek Világszövetsége (MFVSZ) https://www.mfvsz.com/hu/tagsag/ | Budapest Artineris — elfogadott művész résztvevő / művészprofil https://budapest.artineris.com/en/artists/?codice=FMRAXT,,8,"All dated archive records, works, provenance and existing source relationships",Heading hierarchy and external-source presentation,None without record-specific evidence,Named project press links when supported by the existing source registry,"Preserve canonical, hreflang, metadata and record identity",Do not invent events or source relationships,Competing source/artifact geometry; oversized shared heading caps,Committed geometry; bounded shared type; consistent external indicators,Source and translation audit completed; 12-width rendered QA pending
/hu/exhibitions/fotokiallitas1.html,exhibition,reader / curator,"Az igazi Nők — 30+1 portré a természetes szépségről: what was shown, where, when, and what survives in the archive?",Az igazi Nők — 30+1 portré a természetes szépségről,"A kiállítás dokumentációja | Művek a kiállításról | Helye az életműben | Intézmények, könyvek és kiállítások",werkfilm https://youtu.be/3jmljUgMxSk,,1,"All dated archive records, works, provenance and existing source relationships",Heading hierarchy and external-source presentation,None without record-specific evidence,Named project press links when supported by the existing source registry,"Preserve canonical, hreflang, metadata and record identity",Do not invent events or source relationships,Competing source/artifact geometry; oversized shared heading caps,Committed geometry; bounded shared type; consistent external indicators,Source and translation audit completed; 12-width rendered QA pending
/hu/exhibitions/fotokiallitas2.html,exhibition,reader / curator,"Régi csibészes idők — a pin-up rehabilitációja: what was shown, where, when, and what survives in the archive?",Régi csibészes idők — a pin-up rehabilitációja,"A kiállítás dokumentációja | Művek a kiállításról | Helye az életműben | Intézmények, könyvek és kiállítások",werkfilm https://youtu.be/emvkvn4kKr8,,1,"All dated archive records, works, provenance and existing source relationships",Heading hierarchy and external-source presentation,None without record-specific evidence,Named project press links when supported by the existing source registry,"Preserve canonical, hreflang, metadata and record identity",Do not invent events or source relationships,Competing source/artifact geometry; oversized shared heading caps,Committed geometry; bounded shared type; consistent external indicators,Source and translation audit completed; 12-width rendered QA pending
/hu/exhibitions/fotokiallitas3.html,exhibition,reader / curator,"Magyar nők New Yorkban: what was shown, where, when, and what survives in the archive?",Magyar nők New Yorkban,"A kiállítás dokumentációja | Művek a kiállításról | Helye az életműben | Intézmények, könyvek és kiállítások",werkfilm https://youtu.be/9SFMwYpgr8A | riport cikk https://tinkmara.com/2014/12/14/magyar-nok-new-yorkban/,https://tinkmara.com/2014/12/14/magyar-nok-new-yorkban/,2,"All dated archive records, works, provenance and existing source relationships",Heading hierarchy and external-source presentation,None without record-specific evidence,Named project press links when supported by the existing source registry,"Preserve canonical, hreflang, metadata and record identity",Do not invent events or source relationships,Competing source/artifact geometry; oversized shared heading caps,Committed geometry; bounded shared type; consistent external indicators,Source and translation audit completed; 12-width rendered QA pending
/hu/exhibitions/fotokiallitas4.html,exhibition,reader / curator,"A Nő ötven árnyalata: what was shown, where, when, and what survives in the archive?",A Nő ötven árnyalata,"A kiállítás dokumentációja | Művek a kiállításról | Helye az életműben | Intézmények, könyvek és kiállítások",riport film https://youtu.be/AfK29ELPWBY | riport cikk https://nlc.hu/foto/20150306/a-no-otven-arnyalata-foto/,https://nlc.hu/foto/20150306/a-no-otven-arnyalata-foto/,2,"All dated archive records, works, provenance and existing source relationships",Heading hierarchy and external-source presentation,None without record-specific evidence,Named project press links when supported by the existing source registry,"Preserve canonical, hreflang, metadata and record identity",Do not invent events or source relationships,Competing source/artifact geometry; oversized shared heading caps,Committed geometry; bounded shared type; consistent external indicators,Source and translation audit completed; 12-width rendered QA pending
/hu/exhibitions/fotokiallitas5.html,exhibition,reader / curator,"Apa lettem: what was shown, where, when, and what survives in the archive?",Apa lettem,"A kiállítás dokumentációja | Művek a kiállításról | Helye az életműben | Intézmények, könyvek és kiállítások",riport video https://youtu.be/dDfbT7JlDi4 | riport cikk https://5bfb58f7-cf3f-4eee-acbd-b8fcac6b217b.filesusr.com/ugd/b0aee1_e27c93f6e7874e48a350b796c2db0d70.pdf,,2,"All dated archive records, works, provenance and existing source relationships",Heading hierarchy and external-source presentation,None without record-specific evidence,Named project press links when supported by the existing source registry,"Preserve canonical, hreflang, metadata and record identity",Do not invent events or source relationships,Competing source/artifact geometry; oversized shared heading caps,Committed geometry; bounded shared type; consistent external indicators,Source and translation audit completed; 12-width rendered QA pending
/hu/exhibitions/merfoldkovek1956.html,exhibition,reader / curator,"Mérföldkövek ’56: what was shown, where, when, and what survives in the archive?",Mérföldkövek ’56,"Mit visz magával az ember, amikor elhagyja az országát — a zsebében és az emlékeiben? | Kik állították össze, és mikor volt látható | A kiállítás dokumentációja | Művek a kiállításról |  | Helye az életműben | Emberi történetek és történelmi emlékezet | A fejezethez közvetlenül kapcsolódó források",megnyitó https://youtu.be/LT3W4Ck7Fbg | riport video 1 https://youtu.be/Q9vXitVpo7Y | projekt bemutató https://magyarforradalom1956.hu/aktualitasok/hirek/v/merfoldkovek--56-os-portrekepekbol-rendeztek-kiallitast-new-yorkban/ | riport video 2 https://youtu.be/u21fKNfJguA | riport video 3 https://youtu.be/8w3biR5ejhM | kritika https://kanadaihirlap.com/2016/10/25/lovas-gyorgy-56-os-gyilkossagaival-dicsekszik/ | beszámoló cikk 1 https://mandiner.hu/kultura/2016/10/papp-laszlo-1956-interju-epiteszet-forradalom | beszámoló cikk 2 https://www.hungaryfoundation.org/milestones-hungarian-house-ny/ | Mérföldkövek – ’56-os portrék New Yorkban  Független vagy intézményi forrás https://www.magyarforradalom1956.hu/v/merfoldkovek--56-os-portrekepekbol-rendeztek-kiallitast-new-yorkban/,,9,"All dated archive records, works, provenance and existing source relationships",Heading hierarchy and external-source presentation,None without record-specific evidence,Named project press links when supported by the existing source registry,"Preserve canonical, hreflang, metadata and record identity",Do not invent events or source relationships,Competing source/artifact geometry; oversized shared heading caps,Committed geometry; bounded shared type; consistent external indicators,Source and translation audit completed; 12-width rendered QA pending
/hu/exhibitions/szosszenetek.html,exhibition,reader / curator,"Szösszenetek: what was shown, where, when, and what survives in the archive?",Szösszenetek,A kiállítás dokumentációja | Képek a kiállításról | Helye az életműben | A test mint emlékezet és felépülés | A fejezethez közvetlenül kapcsolódó források,werkfilm https://www.youtube.com/watch?v=3e4kUT4n-bo,https://www.youtube.com/watch?v=3e4kUT4n-bo,1,"All dated archive records, works, provenance and existing source relationships",Heading hierarchy and external-source presentation,None without record-specific evidence,Named project press links when supported by the existing source registry,"Preserve canonical, hreflang, metadata and record identity",Do not invent events or source relationships,Competing source/artifact geometry; oversized shared heading caps,Committed geometry; bounded shared type; consistent external indicators,Source and translation audit completed; 12-width rendered QA pending
/hu/exhibitions/ebredes.html,exhibition,reader / curator,"Ébredés — az Új kezdet: what was shown, where, when, and what survives in the archive?",Ébredés — az Új kezdet,Mi történik az ember testével és önmagáról alkotott képével egy súlyos betegség után? | A kiállítás dokumentációja | Képek a kiállításról | Helye az életműben | A test mint emlékezet és felépülés | A fejezethez közvetlenül kapcsolódó források,"riport video https://youtu.be/XI5WavAwFOY | megnyitó https://www.youtube.com/playlist?list=PLwsdxt-KFeDhA24FWl5IOWV6WRj8uFtfA | kezdetek https://youtu.be/beVLw0zzKNM | versek https://youtu.be/9Yh-yyxt14I | werkfilm https://youtu.be/i8v_7xEp_go | riport cikk https://she.life.hu/herself/2017/05/rak-betegseg-megelese-kiallitas-ebredes-az-uj-kezdet-emberi-tortenetek | riport cikk 2 https://she.life.hu/nofilter/2017/05/ebredes-nok-rak-aktfotozas-szex-tabu-tema-fotokiallitas-banhalmi-norbert | riport cikk 3 https://she.life.hu/nofilter/2017/04/ebredes-rak-nok-akt-banhalmi-norbert-foto-kiallitas | interjú https://she.life.hu/nofilter/2017/03/banhalmi-norbert-profi-fotos-interju-modell-belso-szepseg-szepnek-latni-magad | riport video 2 https://youtu.be/rkSlrX6kEyg | beszámoló cikk https://femina.hu/szepseg/ebredes-az-uj-kezdet-kiallitas/ | riport cikk 4 https://5bfb58f7-cf3f-4eee-acbd-b8fcac6b217b.filesusr.com/ugd/b0aee1_e8887418b04442f08558cb9bdc9bfb29.pdf | A férfi, aki a külsődet nézi, de a lelkedet látja  Független vagy intézményi forrás https://she.life.hu/nofilter/2017/03/banhalmi-norbert-profi-fotos-interju-modell-belso-szepseg-szepnek-latni-magad | Az első és utolsó aktfotózásom  Független vagy intézményi forrás https://she.life.hu/nofilter/20170413-aktfotozas-elmeny-onbizalom-mellrak-tulelo-melleltavolito-mutet.html | Állandó kiállítás az Onkológiai Centrumban  Független vagy intézményi forrás https://www.veol.hu/vezeto-hirek/2018/03/csolnoky-ferenc-korhaz-onkologiai-centrum-rak-kiallitas | Ébredés – az Új kezdet! kiállításinterjú  Mozgóképes dokumentum https://youtu.be/XI5WavAwFOY",https://www.youtube.com/playlist?list=PLwsdxt-KFeDhA24FWl5IOWV6WRj8uFtfA,16,"All dated archive records, works, provenance and existing source relationships",Heading hierarchy and external-source presentation,None without record-specific evidence,Named project press links when supported by the existing source registry,"Preserve canonical, hreflang, metadata and record identity",Do not invent events or source relationships,Competing source/artifact geometry; oversized shared heading caps,Committed geometry; bounded shared type; consistent external indicators,Source and translation audit completed; 12-width rendered QA pending
/hu/exhibitions/anovilaga.html,exhibition,reader / curator,"A Nő világa: what was shown, where, when, and what survives in the archive?",A Nő világa,"Miért várjuk el, hogy ugyanaz az ember húsz-, negyven- és hetvenévesen is ugyanannak az ideálnak feleljen meg? | A kiállítás dokumentációja | Képek a kiállításról | A kiállításhoz és a könyvhöz kapcsolódó női történetek | Helye az életműben | A test, az identitás és a fordulópontok | A fejezethez közvetlenül kapcsolódó források",riport video https://youtu.be/cuPzuMSXxMc | riport video 2 https://youtu.be/5ylseh-rduo | beszámoló https://she.life.hu/herself/2018/05/a-rendorsegi-fogdan-ert-veget-a-szerelmunk-banhalmi-norbert | Női történetek a BANHALMI blogon https://blog.banhalmi.art/blog/categories/noi-tortenetek | A nő világa  Mozgóképes dokumentum https://www.youtube.com/watch?v=cuPzuMSXxMc,https://www.youtube.com/watch?v=cuPzuMSXxMc,5,"All dated archive records, works, provenance and existing source relationships",Heading hierarchy and external-source presentation,None without record-specific evidence,Named project press links when supported by the existing source registry,"Preserve canonical, hreflang, metadata and record identity",Do not invent events or source relationships,Competing source/artifact geometry; oversized shared heading caps,Committed geometry; bounded shared type; consistent external indicators,Source and translation audit completed; 12-width rendered QA pending
/hu/exhibitions/balerina-project-new-york.html,exhibition,reader / curator,"Ballerina Project New York — Strut Your Stuff: what was shown, where, when, and what survives in the archive?",Ballerina Project New York — Strut Your Stuff,"A kiállítás dokumentációja | Művek a kiállításról | Helye az életműben | Intézmények, könyvek és kiállítások",werkfilm https://youtu.be/0-snau_-Rlo,,1,"All dated archive records, works, provenance and existing source relationships",Heading hierarchy and external-source presentation,None without record-specific evidence,Named project press links when supported by the existing source registry,"Preserve canonical, hreflang, metadata and record identity",Do not invent events or source relationships,Competing source/artifact geometry; oversized shared heading caps,Committed geometry; bounded shared type; consistent external indicators,Source and translation audit completed; 12-width rendered QA pending
/hu/exhibitions/fotokiallitas8.html,exhibition,reader / curator,"Pest megye kortárs művészei: what was shown, where, when, and what survives in the archive?",Pest megye kortárs művészei,"A kiállítás dokumentációja | Művek a kiállításról | Helye az életműben | Intézmények, könyvek és kiállítások",,,0,"All dated archive records, works, provenance and existing source relationships",Heading hierarchy and external-source presentation,None without record-specific evidence,Named project press links when supported by the existing source registry,"Preserve canonical, hreflang, metadata and record identity",Do not invent events or source relationships,Competing source/artifact geometry; oversized shared heading caps,Committed geometry; bounded shared type; consistent external indicators,Source and translation audit completed; 12-width rendered QA pending
/hu/exhibitions/theframe.html,exhibition,reader / curator,"The Frame — 20 év: what was shown, where, when, and what survives in the archive?",The Frame — 20 év,"A kiállítás dokumentációja | Képek a kiállításról | Helye az életműben | Intézmények, könyvek és kiállítások",riport video https://youtu.be/xmZXqdL82-U | beharangozó https://www.milcclub.com/theframe-media,,2,"All dated archive records, works, provenance and existing source relationships",Heading hierarchy and external-source presentation,None without record-specific evidence,Named project press links when supported by the existing source registry,"Preserve canonical, hreflang, metadata and record identity",Do not invent events or source relationships,Competing source/artifact geometry; oversized shared heading caps,Committed geometry; bounded shared type; consistent external indicators,Source and translation audit completed; 12-width rendered QA pending
/hu/exhibitions/teislehetsz.html,exhibition,reader / curator,"Te is lehetsz…: what was shown, where, when, and what survives in the archive?",Te is lehetsz…,"A kiállítás dokumentációja | Képek a kiállításról | Helye az életműben | Intézmények, könyvek és kiállítások",video riport https://youtu.be/cCylPUNJbzU,,1,"All dated archive records, works, provenance and existing source relationships",Heading hierarchy and external-source presentation,None without record-specific evidence,Named project press links when supported by the existing source registry,"Preserve canonical, hreflang, metadata and record identity",Do not invent events or source relationships,Competing source/artifact geometry; oversized shared heading caps,Committed geometry; bounded shared type; consistent external indicators,Source and translation audit completed; 12-width rendered QA pending
/hu/exhibitions/themensdream.html,exhibition,reader / curator,What was the 2022 NFT project and what does independent coverage support?,The Men’s Dream — A szépség genezise,"A kiállítás dokumentációja | Képek a kiállításról | Helye az életműben | Intézmények, könyvek és kiállítások",werkfilm https://youtu.be/8mopSA5P-fs | New York Today — NFT-bemutató és jótékonysági aukció https://www.thenewyorktoday.com/young-hungarian-startup-reveals-its-unique-vision-at-exclusive-nft-party/ | BitcoinBázis — aktfotók az NFT világában https://www.bitcoinbazis.hu/a-magyar-fotomuvesz-aki-az-aktfotokat-az-nft-k-vilagaba-invitalta/ | podcast 1 https://youtu.be/Qx5GJ5LRpDc?si=o_6STSDT87_f9JFG | podcast 2 https://youtu.be/k4aVodT_ARk?si=IsS1hIT3-3KS-GVD,https://www.thenewyorktoday.com/young-hungarian-startup-reveals-its-unique-vision-at-exclusive-nft-party/ | https://www.bitcoinbazis.hu/a-magyar-fotomuvesz-aki-az-aktfotokat-az-nft-k-vilagaba-invitalta/,5,18 archived works; New York context; New York Today and BitcoinBázis source links; no national-firstness claim,Heading hierarchy and external-source presentation,None without record-specific evidence,Named project press links when supported by the existing source registry,"Preserve canonical, hreflang, metadata and record identity",Do not invent events or source relationships,Competing source/artifact geometry; oversized shared heading caps,Committed geometry; bounded shared type; consistent external indicators,Source and translation audit completed; 12-width rendered QA pending
/hu/exhibitions/avalosag.html,exhibition,reader / curator,"A valóság hamis arcai: what was shown, where, when, and what survives in the archive?",A valóság hamis arcai,"A kiállítás dokumentációja | Képek a kiállításról | Helye az életműben | Intézmények, könyvek és kiállítások",beszámoló cikk https://vehir.hu/cikk/70153-a-muveszet-segitsegevel-leplezik-le-az-ai-hazugsagait | beszámoló cikk 2 https://veszpremkukac.hu/kiallitas-az-internet-hazugsagai/ | beszámoló cikk 3 https://likebalaton.hu/telepules/siofok_sosto_szabadifurdo_balatonszeplak/hireink/balatoni-programok-az-augusztus-26-27-i-hetvegere-290418/ | beszámoló cikk 4 https://www.teol.hu/helyi-eletstilus/2023/08/a-nyar-utolso-vasarnapja-is-tartogat-meg-programokat-a-balatonon | tanulmány 81. oldal https://jogtudo.uni-miskolc.hu/files/25467/7_Tukacs_Sapi_final.pdf,,5,"All dated archive records, works, provenance and existing source relationships",Heading hierarchy and external-source presentation,None without record-specific evidence,Named project press links when supported by the existing source registry,"Preserve canonical, hreflang, metadata and record identity",Do not invent events or source relationships,Competing source/artifact geometry; oversized shared heading caps,Committed geometry; bounded shared type; consistent external indicators,Source and translation audit completed; 12-width rendered QA pending
/hu/exhibitions/touch-wien.html,exhibition,reader / curator,"Touch Bécs & Touch München: what was shown, where, when, and what survives in the archive?",Touch Bécs & Touch München,"Lehet-e az emberi testet és az érintést úgy fényképezni, hogy az ember ne váljon tárggyá? | A kiállítás dokumentációja | Képek a kiállításról | Helye az életműben | Intézmények, könyvek és kiállítások",werkfilm Bécs https://video.wixstatic.com/video/b0aee1_9386523e7a124ca3837e8450ab1d82d4/1080p/mp4/file.mp4 | werkfilm München https://video.wixstatic.com/video/b0aee1_dae3edb80b164c21a16f1fde35d0ea3d/1080p/mp4/file.mp4 | werkfilm https://video.wixstatic.com/video/b0aee1_d01811daaa294f67a4c2a9ff3cffb179/1080p/mp4/file.mp4 | beharangozó https://everness.hu/fesztival/programok/programok/intim-masszazs-egy-fotos-szemszogebol,,4,"All dated archive records, works, provenance and existing source relationships",Heading hierarchy and external-source presentation,None without record-specific evidence,Named project press links when supported by the existing source registry,"Preserve canonical, hreflang, metadata and record identity",Do not invent events or source relationships,Competing source/artifact geometry; oversized shared heading caps,Committed geometry; bounded shared type; consistent external indicators,Source and translation audit completed; 12-width rendered QA pending
/hu/exhibitions/enano.html,exhibition,reader / curator,"Én a Nő: what was shown, where, when, and what survives in the archive?",Én a Nő,"A kiállítás dokumentációja | Képek a kiállításról | Helye az életműben | Intézmények, könyvek és kiállítások",werkfilm https://youtu.be/KAhKsLnSO_c,,1,"All dated archive records, works, provenance and existing source relationships",Heading hierarchy and external-source presentation,None without record-specific evidence,Named project press links when supported by the existing source registry,"Preserve canonical, hreflang, metadata and record identity",Do not invent events or source relationships,Competing source/artifact geometry; oversized shared heading caps,Committed geometry; bounded shared type; consistent external indicators,Source and translation audit completed; 12-width rendered QA pending
/hu/exhibitions/femmefatale.html,exhibition,reader / curator,"Femme Fatale: what was shown, where, when, and what survives in the archive?",Femme Fatale,"A kiállítás dokumentációja | Képek a kiállításról | Helye az életműben | Intézmények, könyvek és kiállítások",,,0,"All dated archive records, works, provenance and existing source relationships",Heading hierarchy and external-source presentation,None without record-specific evidence,Named project press links when supported by the existing source registry,"Preserve canonical, hreflang, metadata and record identity",Do not invent events or source relationships,Competing source/artifact geometry; oversized shared heading caps,Committed geometry; bounded shared type; consistent external indicators,Source and translation audit completed; 12-width rendered QA pending
/hu/exhibitions/mas-kepp-mas.html,exhibition,reader / curator,"Más kép / Más: what was shown, where, when, and what survives in the archive?",Más kép / Más,"A kiállítás dokumentációja | Képek a kiállításról | Helye az életműben | Intézmények, könyvek és kiállítások",riport cikk https://vehir.hu/cikk/76376-mindenki-maskeppen-mas,,1,"All dated archive records, works, provenance and existing source relationships",Heading hierarchy and external-source presentation,None without record-specific evidence,Named project press links when supported by the existing source registry,"Preserve canonical, hreflang, metadata and record identity",Do not invent events or source relationships,Competing source/artifact geometry; oversized shared heading caps,Committed geometry; bounded shared type; consistent external indicators,Source and translation audit completed; 12-width rendered QA pending
/hu/exhibitions/euforia.html,exhibition,reader / curator,"What is the developing project, which works exist, and how is each portrait documented?",EUFÓRIA — a Jelenlét anatómiája,"Mi az EUFÓRIA? | Magyar Péter — Hősök tere, Budapest, 2026. március 15., 16:57 | Egyetlen képkocka utóélete | Magyar Péter portréja — szerzőség, provenance és dokumentált terjedés | Merre járt a kép | A fejezethez közvetlenül kapcsolódó források | Amikor a portré kikerül az alkotó kezéből | Azahriah — Hősök tere, Budapest, 2026. április 10., 21:47 | Helye az életműben | Nyilvános és vezetői jelenlét","Folyamatosan frissülő galéria — Flickr https://www.flickr.com/photos/vipach/albums/72177720332618686 | Wikimedia Commons ↗ https://commons.wikimedia.org/wiki/File:Peter-Magyar-portrait-2026.jpg | Wikimedia Commons https://commons.wikimedia.org/wiki/File:Peter-Magyar-portrait-2026.jpg | Flickr https://www.flickr.com/photos/vipach/55157248453/in/album-72177720332618686 | Globális felhasználási statisztika https://commons.wikimedia.org/wiki/Special:GlobalUsage/Peter-Magyar-portrait-2026.jpg | Wikimedia Commons provenance https://commons.wikimedia.org/wiki/File:Peter-Magyar-portrait-2026.jpg | Wikidata személyrekord https://www.wikidata.org/wiki/Q124488292 | Die Weltwoche — „Ein talentierter Schlawiner“ (09.04.2026) https://weltwoche.ch/story/ein-talentierter-schlawiner | The Hungary Report — Opinion: The End of the Strongman Spell (30.03.2026) https://www.thehungaryreport.com/p/opinion-the-end-of-the-strongman | American Thinker — kritikai kommentár (27.03.2026) https://www.americanthinker.com/articles/2026/03/peter_magyar_globalists_chosen_puppet_in_the_assault_on_trump_s_strongest_european_ally.html | SOTA — orosz nyelvű beszámoló (13.04.2026) https://sotaproject.com/news/111746 | The Brussels Times https://www.brusselstimes.com/2148257/prime-minister-magyar-stops-hungarys-withdrawal-from-the-icc | Eastern Herald https://easternherald.com/2026/06/10/hungary-anti-corruption-bill-eu-funds-magyar/ | Spectre Journal — The Hungarian Spring https://spectrejournal.com/the-hungarian-spring/ | Politics UK — A new dawn for Hungary https://politicsuk.com/news/a-new-dawn-for-hungary-the-election-that-ended-the-16-year-orban-era/ | Kiskegyed — a kép története (25.05.2026) https://www.kiskegyed.hu/nepszeru/kulfoldon-is-hatalmasat-ment-a-magyar-peterrol-keszult-foto/gqlpkqw | Rólunk.at — interjú a motivációról (10.06.2026) https://rolunk.at/aktualis/a-fiataloknak-ma-mar-bizonyitek-kell-egy-becsi-kreativ-kozosseg-uj-generaciot-epit/ | Magyar Péter portréja – Wikimedia Commons-rekord  Független vagy intézményi forrás https://commons.wikimedia.org/wiki/File:Peter-Magyar-portrait-2026.jpg | Ellenőrizhető kép- és licencadatok — Wikimedia Commons https://commons.wikimedia.org/wiki/File:Azahriah,_Rendszerbont%C3%B3_Nagykoncert._2026.04.10._Budapest,_Hero_square.jpg | Angol Wikipédia https://en.wikipedia.org/wiki/Azahriah | Volapük Wikipédia https://vo.wikipedia.org/wiki/Azahriah | Wikidata Q109626459 https://www.wikidata.org/wiki/Q109626459",,22,2026 start; target twenty works; two documented works; candidate statuses; no confirmed venue/date; separate Péter Magyar and Azahriah provenance,Shared headings and long quotation measure; retain contextual disclosures,None without record-specific evidence,"No new political, commission or affiliation claims","Preserve canonical, hreflang, metadata and record identity",Do not invent events or source relationships,Competing source/artifact geometry; oversized shared heading caps,Committed geometry; bounded shared type; consistent external indicators,Source and translation audit completed; 12-width rendered QA pending
/hu/books/book-ebredes.html,book,reader / curator,What is Ébredés — az Új kezdet! and where can I find its context?,Ébredés — az Új kezdet!,Helye az életműben | A test mint emlékezet és felépülés | A fejezethez közvetlenül kapcsolódó források,"A férfi, aki a külsődet nézi, de a lelkedet látja  Független vagy intézményi forrás https://she.life.hu/nofilter/2017/03/banhalmi-norbert-profi-fotos-interju-modell-belso-szepseg-szepnek-latni-magad | Az első és utolsó aktfotózásom  Független vagy intézményi forrás https://she.life.hu/nofilter/20170413-aktfotozas-elmeny-onbizalom-mellrak-tulelo-melleltavolito-mutet.html | Állandó kiállítás az Onkológiai Centrumban  Független vagy intézményi forrás https://www.veol.hu/vezeto-hirek/2018/03/csolnoky-ferenc-korhaz-onkologiai-centrum-rak-kiallitas | Ébredés – az Új kezdet! kiállításinterjú  Mozgóképes dokumentum https://youtu.be/XI5WavAwFOY",,4,"All dated archive records, works, provenance and existing source relationships",Heading hierarchy and external-source presentation,None without record-specific evidence,Named project press links when supported by the existing source registry,"Preserve canonical, hreflang, metadata and record identity",Do not invent events or source relationships,Competing source/artifact geometry; oversized shared heading caps,Committed geometry; bounded shared type; consistent external indicators,Source and translation audit completed; 12-width rendered QA pending
/hu/books/book-szosszenetek.html,book,reader / curator,What is Szösszenetek and where can I find its context?,Szösszenetek,Helye az életműben | A test mint emlékezet és felépülés | A fejezethez közvetlenül kapcsolódó források,,,0,"All dated archive records, works, provenance and existing source relationships",Heading hierarchy and external-source presentation,None without record-specific evidence,Named project press links when supported by the existing source registry,"Preserve canonical, hreflang, metadata and record identity",Do not invent events or source relationships,Competing source/artifact geometry; oversized shared heading caps,Committed geometry; bounded shared type; consistent external indicators,Source and translation audit completed; 12-width rendered QA pending
/hu/books/book-anovilaga.html,book,reader / curator,What is A Nő világa and where can I find its context?,A Nő világa,"A nő világa – kiegészítő történetek | Helye az életműben | A test, az identitás és a fordulópontok | A fejezethez közvetlenül kapcsolódó források",Olvassa el A nő világa könyvhöz kapcsolódó történeteket a BANHALMI ART blogon https://blog.banhalmi.art/blog/categories/noi-tortenetek | A nő világa  Mozgóképes dokumentum https://www.youtube.com/watch?v=cuPzuMSXxMc,https://www.youtube.com/watch?v=cuPzuMSXxMc,2,"All dated archive records, works, provenance and existing source relationships",Heading hierarchy and external-source presentation,None without record-specific evidence,Named project press links when supported by the existing source registry,"Preserve canonical, hreflang, metadata and record identity",Do not invent events or source relationships,Competing source/artifact geometry; oversized shared heading caps,Committed geometry; bounded shared type; consistent external indicators,Source and translation audit completed; 12-width rendered QA pending
